{
  "type": "FeatureCollection",
  "metadata": {
    "study_area": "Kahramanmara\u015f - Antakya Urban Core (Turkey)",
    "earthquake_event": "2023 Kahramanmara\u015f Mainshock",
    "magnitude_mw": 7.8,
    "total_buildings": 384,
    "schema_version": "1.0.0"
  },
  "features": [
    {
      "type": "Feature",
      "geometry": {
        "type": "Polygon",
        "coordinates": [
          [
            [
              36.143067,
              36.1904
            ],
            [
              36.144933,
              36.1904
            ],
            [
              36.144933,
              36.19124
            ],
            [
              36.143067,
              36.19124
            ],
            [
              36.143067,
              36.1904
            ]
          ]
        ]
      },
      "properties": {
        "building_id": "bldg_antakya_000001",
        "height_m": 12.2,
        "height_source": "osm_levels",
        "structural_type": "CR/LFINF+CDM/H:4-7",
        "structural_type_source": "assumed_default_for_region",
        "pga_g": 0.4611,
        "damage_state_probs": {
          "none": 0.0124,
          "slight": 0.1699,
          "moderate": 0.3445,
          "extensive": 0.2462,
          "collapse": 0.2271
        },
        "predicted_damage_state": "moderate",
        "ground_truth_damage_state": "moderate"
      }
    },
    {
      "type": "Feature",
      "geometry": {
        "type": "Polygon",
        "coordinates": [
          [
            [
              36.143067,
              36.191427
            ],
            [
              36.144933,
              36.191427
            ],
            [
              36.144933,
              36.192267
            ],
            [
              36.143067,
              36.192267
            ],
            [
              36.143067,
              36.191427
            ]
          ]
        ]
      },
      "properties": {
        "building_id": "bldg_antakya_000002",
        "height_m": 13.3,
        "height_source": "osm_levels",
        "structural_type": "CR/LFINF+CDM/H:4-7",
        "structural_type_source": "assumed_default_for_region",
        "pga_g": 0.4604,
        "damage_state_probs": {
          "none": 0.0125,
          "slight": 0.1705,
          "moderate": 0.3448,
          "extensive": 0.2459,
          "collapse": 0.2264
        },
        "predicted_damage_state": "moderate",
        "ground_truth_damage_state": "moderate"
      }
    },
    {
      "type": "Feature",
      "geometry": {
        "type": "Polygon",
        "coordinates": [
          [
            [
              36.145733,
              36.1904
            ],
            [
              36.1476,
              36.1904
            ],
            [
              36.1476,
              36.19124
            ],
            [
              36.145733,
              36.19124
            ],
            [
              36.145733,
              36.1904
            ]
          ]
        ]
      },
      "properties": {
        "building_id": "bldg_antakya_000003",
        "height_m": 22.1,
        "height_source": "osm_levels",
        "structural_type": "CR/LFINF+CDM/H:8+",
        "structural_type_source": "assumed_default_for_region",
        "pga_g": 0.4631,
        "damage_state_probs": {
          "none": 0.0035,
          "slight": 0.1126,
          "moderate": 0.3193,
          "extensive": 0.2874,
          "collapse": 0.2773
        },
        "predicted_damage_state": "moderate",
        "ground_truth_damage_state": "extensive"
      }
    },
    {
      "type": "Feature",
      "geometry": {
        "type": "Polygon",
        "coordinates": [
          [
            [
              36.145733,
              36.191427
            ],
            [
              36.1476,
              36.191427
            ],
            [
              36.1476,
              36.192267
            ],
            [
              36.145733,
              36.192267
            ],
            [
              36.145733,
              36.191427
            ]
          ]
        ]
      },
      "properties": {
        "building_id": "bldg_antakya_000004",
        "height_m": 18.5,
        "height_source": "osm_levels",
        "structural_type": "CR/LFINF+CDM/H:4-7",
        "structural_type_source": "assumed_default_for_region",
        "pga_g": 0.4625,
        "damage_state_probs": {
          "none": 0.0122,
          "slight": 0.1686,
          "moderate": 0.3439,
          "extensive": 0.2468,
          "collapse": 0.2285
        },
        "predicted_damage_state": "moderate",
        "ground_truth_damage_state": "extensive"
      }
    },
    {
      "type": "Feature",
      "geometry": {
        "type": "Polygon",
        "coordinates": [
          [
            [
              36.1484,
              36.1904
            ],
            [
              36.150267,
              36.1904
            ],
            [
              36.150267,
              36.19124
            ],
            [
              36.1484,
              36.19124
            ],
            [
              36.1484,
              36.1904
            ]
          ]
        ]
      },
      "properties": {
        "building_id": "bldg_antakya_000005",
        "height_m": 12.2,
        "height_source": "osm_levels",
        "structural_type": "CR/LFINF+CDM/H:4-7",
        "structural_type_source": "assumed_default_for_region",
        "pga_g": 0.465,
        "damage_state_probs": {
          "none": 0.0118,
          "slight": 0.1664,
          "moderate": 0.3429,
          "extensive": 0.2479,
          "collapse": 0.231
        },
        "predicted_damage_state": "moderate",
        "ground_truth_damage_state": "moderate"
      }
    },
    {
      "type": "Feature",
      "geometry": {
        "type": "Polygon",
        "coordinates": [
          [
            [
              36.1484,
              36.191427
            ],
            [
              36.150267,
              36.191427
            ],
            [
              36.150267,
              36.192267
            ],
            [
              36.1484,
              36.192267
            ],
            [
              36.1484,
              36.191427
            ]
          ]
        ]
      },
      "properties": {
        "building_id": "bldg_antakya_000006",
        "height_m": 15.0,
        "height_source": "osm_levels",
        "structural_type": "CR/LFINF+CDM/H:4-7",
        "structural_type_source": "assumed_default_for_region",
        "pga_g": 0.4644,
        "damage_state_probs": {
          "none": 0.0119,
          "slight": 0.1669,
          "moderate": 0.3432,
          "extensive": 0.2476,
          "collapse": 0.2304
        },
        "predicted_damage_state": "moderate",
        "ground_truth_damage_state": "moderate"
      }
    },
    {
      "type": "Feature",
      "geometry": {
        "type": "Polygon",
        "coordinates": [
          [
            [
              36.151067,
              36.1904
            ],
            [
              36.152933,
              36.1904
            ],
            [
              36.152933,
              36.19124
            ],
            [
              36.151067,
              36.19124
            ],
            [
              36.151067,
              36.1904
            ]
          ]
        ]
      },
      "properties": {
        "building_id": "bldg_antakya_000007",
        "height_m": 4.8,
        "height_source": "google_open_buildings",
        "structural_type": "CR/LFINF+CDM/H:1-3",
        "structural_type_source": "assumed_default_for_region",
        "pga_g": 0.4669,
        "damage_state_probs": {
          "none": 0.0283,
          "slight": 0.2178,
          "moderate": 0.3615,
          "extensive": 0.2141,
          "collapse": 0.1783
        },
        "predicted_damage_state": "moderate",
        "ground_truth_damage_state": "moderate"
      }
    },
    {
      "type": "Feature",
      "geometry": {
        "type": "Polygon",
        "coordinates": [
          [
            [
              36.151067,
              36.191427
            ],
            [
              36.152933,
              36.191427
            ],
            [
              36.152933,
              36.192267
            ],
            [
              36.151067,
              36.192267
            ],
            [
              36.151067,
              36.191427
            ]
          ]
        ]
      },
      "properties": {
        "building_id": "bldg_antakya_000008",
        "height_m": 13.3,
        "height_source": "osm_levels",
        "structural_type": "CR/LFINF+CDM/H:4-7",
        "structural_type_source": "assumed_default_for_region",
        "pga_g": 0.4663,
        "damage_state_probs": {
          "none": 0.0117,
          "slight": 0.1652,
          "moderate": 0.3424,
          "extensive": 0.2484,
          "collapse": 0.2323
        },
        "predicted_damage_state": "moderate",
        "ground_truth_damage_state": "moderate"
      }
    },
    {
      "type": "Feature",
      "geometry": {
        "type": "Polygon",
        "coordinates": [
          [
            [
              36.153733,
              36.1904
            ],
            [
              36.1556,
              36.1904
            ],
            [
              36.1556,
              36.19124
            ],
            [
              36.153733,
              36.19124
            ],
            [
              36.153733,
              36.1904
            ]
          ]
        ]
      },
      "properties": {
        "building_id": "bldg_antakya_000009",
        "height_m": 16.9,
        "height_source": "osm_levels",
        "structural_type": "CR/LFINF+CDM/H:4-7",
        "structural_type_source": "assumed_default_for_region",
        "pga_g": 0.4686,
        "damage_state_probs": {
          "none": 0.0114,
          "slight": 0.1632,
          "moderate": 0.3414,
          "extensive": 0.2494,
          "collapse": 0.2347
        },
        "predicted_damage_state": "moderate",
        "ground_truth_damage_state": "moderate"
      }
    },
    {
      "type": "Feature",
      "geometry": {
        "type": "Polygon",
        "coordinates": [
          [
            [
              36.153733,
              36.191427
            ],
            [
              36.1556,
              36.191427
            ],
            [
              36.1556,
              36.192267
            ],
            [
              36.153733,
              36.192267
            ],
            [
              36.153733,
              36.191427
            ]
          ]
        ]
      },
      "properties": {
        "building_id": "bldg_antakya_000010",
        "height_m": 5.7,
        "height_source": "google_open_buildings",
        "structural_type": "CR/LFINF+CDM/H:1-3",
        "structural_type_source": "assumed_default_for_region",
        "pga_g": 0.4681,
        "damage_state_probs": {
          "none": 0.028,
          "slight": 0.2166,
          "moderate": 0.3613,
          "extensive": 0.2147,
          "collapse": 0.1794
        },
        "predicted_damage_state": "moderate",
        "ground_truth_damage_state": "moderate"
      }
    },
    {
      "type": "Feature",
      "geometry": {
        "type": "Polygon",
        "coordinates": [
          [
            [
              36.1564,
              36.1904
            ],
            [
              36.158267,
              36.1904
            ],
            [
              36.158267,
              36.19124
            ],
            [
              36.1564,
              36.19124
            ],
            [
              36.1564,
              36.1904
            ]
          ]
        ]
      },
      "properties": {
        "building_id": "bldg_antakya_000011",
        "height_m": 12.9,
        "height_source": "osm_levels",
        "structural_type": "CR/LFINF+CDM/H:4-7",
        "structural_type_source": "assumed_default_for_region",
        "pga_g": 0.4703,
        "damage_state_probs": {
          "none": 0.0111,
          "slight": 0.1617,
          "moderate": 0.3407,
          "extensive": 0.2501,
          "collapse": 0.2364
        },
        "predicted_damage_state": "moderate",
        "ground_truth_damage_state": "moderate"
      }
    },
    {
      "type": "Feature",
      "geometry": {
        "type": "Polygon",
        "coordinates": [
          [
            [
              36.1564,
              36.191427
            ],
            [
              36.158267,
              36.191427
            ],
            [
              36.158267,
              36.192267
            ],
            [
              36.1564,
              36.192267
            ],
            [
              36.1564,
              36.191427
            ]
          ]
        ]
      },
      "properties": {
        "building_id": "bldg_antakya_000012",
        "height_m": 28.7,
        "height_source": "assumed_regional_average",
        "structural_type": "CR/LFINF+CDM/H:8+",
        "structural_type_source": "assumed_default_for_region",
        "pga_g": 0.4698,
        "damage_state_probs": {
          "none": 0.0032,
          "slight": 0.1078,
          "moderate": 0.3149,
          "extensive": 0.2894,
          "collapse": 0.2847
        },
        "predicted_damage_state": "moderate",
        "ground_truth_damage_state": "extensive"
      }
    },
    {
      "type": "Feature",
      "geometry": {
        "type": "Polygon",
        "coordinates": [
          [
            [
              36.161733,
              36.1904
            ],
            [
              36.1636,
              36.1904
            ],
            [
              36.1636,
              36.19124
            ],
            [
              36.161733,
              36.19124
            ],
            [
              36.161733,
              36.1904
            ]
          ]
        ]
      },
      "properties": {
        "building_id": "bldg_antakya_000013",
        "height_m": 4.6,
        "height_source": "google_open_buildings",
        "structural_type": "CR/LFINF+CDM/H:1-3",
        "structural_type_source": "assumed_default_for_region",
        "pga_g": 0.4733,
        "damage_state_probs": {
          "none": 0.0266,
          "slight": 0.2118,
          "moderate": 0.3605,
          "extensive": 0.2173,
          "collapse": 0.1839
        },
        "predicted_damage_state": "moderate",
        "ground_truth_damage_state": "moderate"
      }
    },
    {
      "type": "Feature",
      "geometry": {
        "type": "Polygon",
        "coordinates": [
          [
            [
              36.161733,
              36.191427
            ],
            [
              36.1636,
              36.191427
            ],
            [
              36.1636,
              36.192267
            ],
            [
              36.161733,
              36.192267
            ],
            [
              36.161733,
              36.191427
            ]
          ]
        ]
      },
      "properties": {
        "building_id": "bldg_antakya_000014",
        "height_m": 16.8,
        "height_source": "osm_levels",
        "structural_type": "CR/LFINF+CDM/H:4-7",
        "structural_type_source": "assumed_default_for_region",
        "pga_g": 0.4729,
        "damage_state_probs": {
          "none": 0.0108,
          "slight": 0.1595,
          "moderate": 0.3396,
          "extensive": 0.2511,
          "collapse": 0.239
        },
        "predicted_damage_state": "moderate",
        "ground_truth_damage_state": "moderate"
      }
    },
    {
      "type": "Feature",
      "geometry": {
        "type": "Polygon",
        "coordinates": [
          [
            [
              36.1644,
              36.1904
            ],
            [
              36.166267,
              36.1904
            ],
            [
              36.166267,
              36.19124
            ],
            [
              36.1644,
              36.19124
            ],
            [
              36.1644,
              36.1904
            ]
          ]
        ]
      },
      "properties": {
        "building_id": "bldg_antakya_000015",
        "height_m": 21.2,
        "height_source": "osm_levels",
        "structural_type": "CR/LFINF+CDM/H:4-7",
        "structural_type_source": "assumed_default_for_region",
        "pga_g": 0.4747,
        "damage_state_probs": {
          "none": 0.0106,
          "slight": 0.158,
          "moderate": 0.3388,
          "extensive": 0.2518,
          "collapse": 0.2408
        },
        "predicted_damage_state": "moderate",
        "ground_truth_damage_state": "moderate"
      }
    },
    {
      "type": "Feature",
      "geometry": {
        "type": "Polygon",
        "coordinates": [
          [
            [
              36.1644,
              36.191427
            ],
            [
              36.166267,
              36.191427
            ],
            [
              36.166267,
              36.192267
            ],
            [
              36.1644,
              36.192267
            ],
            [
              36.1644,
              36.191427
            ]
          ]
        ]
      },
      "properties": {
        "building_id": "bldg_antakya_000016",
        "height_m": 29.2,
        "height_source": "assumed_regional_average",
        "structural_type": "CR/LFINF+CDM/H:8+",
        "structural_type_source": "assumed_default_for_region",
        "pga_g": 0.4743,
        "damage_state_probs": {
          "none": 0.003,
          "slight": 0.1048,
          "moderate": 0.312,
          "extensive": 0.2906,
          "collapse": 0.2897
        },
        "predicted_damage_state": "moderate",
        "ground_truth_damage_state": "extensive"
      }
    },
    {
      "type": "Feature",
      "geometry": {
        "type": "Polygon",
        "coordinates": [
          [
            [
              36.167067,
              36.1904
            ],
            [
              36.168933,
              36.1904
            ],
            [
              36.168933,
              36.19124
            ],
            [
              36.167067,
              36.19124
            ],
            [
              36.167067,
              36.1904
            ]
          ]
        ]
      },
      "properties": {
        "building_id": "bldg_antakya_000017",
        "height_m": 17.0,
        "height_source": "osm_levels",
        "structural_type": "CR/LFINF+CDM/H:4-7",
        "structural_type_source": "assumed_default_for_region",
        "pga_g": 0.4759,
        "damage_state_probs": {
          "none": 0.0105,
          "slight": 0.157,
          "moderate": 0.3383,
          "extensive": 0.2523,
          "collapse": 0.242
        },
        "predicted_damage_state": "moderate",
        "ground_truth_damage_state": "moderate"
      }
    },
    {
      "type": "Feature",
      "geometry": {
        "type": "Polygon",
        "coordinates": [
          [
            [
              36.167067,
              36.191427
            ],
            [
              36.168933,
              36.191427
            ],
            [
              36.168933,
              36.192267
            ],
            [
              36.167067,
              36.192267
            ],
            [
              36.167067,
              36.191427
            ]
          ]
        ]
      },
      "properties": {
        "building_id": "bldg_antakya_000018",
        "height_m": 17.2,
        "height_source": "osm_levels",
        "structural_type": "CR/LFINF+CDM/H:4-7",
        "structural_type_source": "assumed_default_for_region",
        "pga_g": 0.4755,
        "damage_state_probs": {
          "none": 0.0105,
          "slight": 0.1573,
          "moderate": 0.3385,
          "extensive": 0.2521,
          "collapse": 0.2416
        },
        "predicted_damage_state": "moderate",
        "ground_truth_damage_state": "moderate"
      }
    },
    {
      "type": "Feature",
      "geometry": {
        "type": "Polygon",
        "coordinates": [
          [
            [
              36.169733,
              36.1904
            ],
            [
              36.1716,
              36.1904
            ],
            [
              36.1716,
              36.19124
            ],
            [
              36.169733,
              36.19124
            ],
            [
              36.169733,
              36.1904
            ]
          ]
        ]
      },
      "properties": {
        "building_id": "bldg_antakya_000019",
        "height_m": 16.2,
        "height_source": "osm_levels",
        "structural_type": "CR/LFINF+CDM/H:4-7",
        "structural_type_source": "assumed_default_for_region",
        "pga_g": 0.4771,
        "damage_state_probs": {
          "none": 0.0103,
          "slight": 0.1559,
          "moderate": 0.3378,
          "extensive": 0.2527,
          "collapse": 0.2432
        },
        "predicted_damage_state": "moderate",
        "ground_truth_damage_state": "moderate"
      }
    },
    {
      "type": "Feature",
      "geometry": {
        "type": "Polygon",
        "coordinates": [
          [
            [
              36.169733,
              36.191427
            ],
            [
              36.1716,
              36.191427
            ],
            [
              36.1716,
              36.192267
            ],
            [
              36.169733,
              36.192267
            ],
            [
              36.169733,
              36.191427
            ]
          ]
        ]
      },
      "properties": {
        "building_id": "bldg_antakya_000020",
        "height_m": 4.8,
        "height_source": "google_open_buildings",
        "structural_type": "URM/LWAL/H:1-2",
        "structural_type_source": "assumed_default_for_region",
        "pga_g": 0.4767,
        "damage_state_probs": {
          "none": 0.0023,
          "slight": 0.0716,
          "moderate": 0.2434,
          "extensive": 0.2637,
          "collapse": 0.419
        },
        "predicted_damage_state": "collapse",
        "ground_truth_damage_state": "collapse"
      }
    },
    {
      "type": "Feature",
      "geometry": {
        "type": "Polygon",
        "coordinates": [
          [
            [
              36.1724,
              36.1904
            ],
            [
              36.174267,
              36.1904
            ],
            [
              36.174267,
              36.19124
            ],
            [
              36.1724,
              36.19124
            ],
            [
              36.1724,
              36.1904
            ]
          ]
        ]
      },
      "properties": {
        "building_id": "bldg_antakya_000021",
        "height_m": 4.8,
        "height_source": "google_open_buildings",
        "structural_type": "URM/LWAL/H:1-2",
        "structural_type_source": "assumed_default_for_region",
        "pga_g": 0.4781,
        "damage_state_probs": {
          "none": 0.0022,
          "slight": 0.071,
          "moderate": 0.2425,
          "extensive": 0.2636,
          "collapse": 0.4207
        },
        "predicted_damage_state": "collapse",
        "ground_truth_damage_state": "collapse"
      }
    },
    {
      "type": "Feature",
      "geometry": {
        "type": "Polygon",
        "coordinates": [
          [
            [
              36.1724,
              36.191427
            ],
            [
              36.174267,
              36.191427
            ],
            [
              36.174267,
              36.192267
            ],
            [
              36.1724,
              36.192267
            ],
            [
              36.1724,
              36.191427
            ]
          ]
        ]
      },
      "properties": {
        "building_id": "bldg_antakya_000022",
        "height_m": 15.8,
        "height_source": "osm_levels",
        "structural_type": "CR/LFINF+CDM/H:4-7",
        "structural_type_source": "assumed_default_for_region",
        "pga_g": 0.4778,
        "damage_state_probs": {
          "none": 0.0102,
          "slight": 0.1554,
          "moderate": 0.3374,
          "extensive": 0.253,
          "collapse": 0.2439
        },
        "predicted_damage_state": "moderate",
        "ground_truth_damage_state": "moderate"
      }
    },
    {
      "type": "Feature",
      "geometry": {
        "type": "Polygon",
        "coordinates": [
          [
            [
              36.175067,
              36.1904
            ],
            [
              36.176933,
              36.1904
            ],
            [
              36.176933,
              36.19124
            ],
            [
              36.175067,
              36.19124
            ],
            [
              36.175067,
              36.1904
            ]
          ]
        ]
      },
      "properties": {
        "building_id": "bldg_antakya_000023",
        "height_m": 14.2,
        "height_source": "osm_levels",
        "structural_type": "CR/LFINF+CDM/H:4-7",
        "structural_type_source": "assumed_default_for_region",
        "pga_g": 0.479,
        "damage_state_probs": {
          "none": 0.0101,
          "slight": 0.1544,
          "moderate": 0.3369,
          "extensive": 0.2535,
          "collapse": 0.2452
        },
        "predicted_damage_state": "moderate",
        "ground_truth_damage_state": "moderate"
      }
    },
    {
      "type": "Feature",
      "geometry": {
        "type": "Polygon",
        "coordinates": [
          [
            [
              36.175067,
              36.191427
            ],
            [
              36.176933,
              36.191427
            ],
            [
              36.176933,
              36.192267
            ],
            [
              36.175067,
              36.192267
            ],
            [
              36.175067,
              36.191427
            ]
          ]
        ]
      },
      "properties": {
        "building_id": "bldg_antakya_000024",
        "height_m": 13.6,
        "height_source": "osm_levels",
        "structural_type": "CR/LFINF+CDM/H:4-7",
        "structural_type_source": "assumed_default_for_region",
        "pga_g": 0.4787,
        "damage_state_probs": {
          "none": 0.0101,
          "slight": 0.1546,
          "moderate": 0.337,
          "extensive": 0.2533,
          "collapse": 0.2449
        },
        "predicted_damage_state": "moderate",
        "ground_truth_damage_state": "moderate"
      }
    },
    {
      "type": "Feature",
      "geometry": {
        "type": "Polygon",
        "coordinates": [
          [
            [
              36.1404,
              36.193067
            ],
            [
              36.142267,
              36.193067
            ],
            [
              36.142267,
              36.193907
            ],
            [
              36.1404,
              36.193907
            ],
            [
              36.1404,
              36.193067
            ]
          ]
        ]
      },
      "properties": {
        "building_id": "bldg_antakya_000025",
        "height_m": 32.1,
        "height_source": "assumed_regional_average",
        "structural_type": "CR/LFINF+CDM/H:8+",
        "structural_type_source": "assumed_default_for_region",
        "pga_g": 0.4572,
        "damage_state_probs": {
          "none": 0.0037,
          "slight": 0.1169,
          "moderate": 0.3231,
          "extensive": 0.2855,
          "collapse": 0.2707
        },
        "predicted_damage_state": "moderate",
        "ground_truth_damage_state": "slight"
      }
    },
    {
      "type": "Feature",
      "geometry": {
        "type": "Polygon",
        "coordinates": [
          [
            [
              36.1404,
              36.194093
            ],
            [
              36.142267,
              36.194093
            ],
            [
              36.142267,
              36.194933
            ],
            [
              36.1404,
              36.194933
            ],
            [
              36.1404,
              36.194093
            ]
          ]
        ]
      },
      "properties": {
        "building_id": "bldg_antakya_000026",
        "height_m": 13.0,
        "height_source": "osm_levels",
        "structural_type": "CR/LFINF+CDM/H:4-7",
        "structural_type_source": "assumed_default_for_region",
        "pga_g": 0.4565,
        "damage_state_probs": {
          "none": 0.013,
          "slight": 0.1741,
          "moderate": 0.3463,
          "extensive": 0.2442,
          "collapse": 0.2225
        },
        "predicted_damage_state": "moderate",
        "ground_truth_damage_state": "moderate"
      }
    },
    {
      "type": "Feature",
      "geometry": {
        "type": "Polygon",
        "coordinates": [
          [
            [
              36.143067,
              36.193067
            ],
            [
              36.144933,
              36.193067
            ],
            [
              36.144933,
              36.193907
            ],
            [
              36.143067,
              36.193907
            ],
            [
              36.143067,
              36.193067
            ]
          ]
        ]
      },
      "properties": {
        "building_id": "bldg_antakya_000027",
        "height_m": 19.0,
        "height_source": "osm_levels",
        "structural_type": "CR/LFINF+CDM/H:4-7",
        "structural_type_source": "assumed_default_for_region",
        "pga_g": 0.4594,
        "damage_state_probs": {
          "none": 0.0126,
          "slight": 0.1714,
          "moderate": 0.3451,
          "extensive": 0.2455,
          "collapse": 0.2254
        },
        "predicted_damage_state": "moderate",
        "ground_truth_damage_state": "extensive"
      }
    },
    {
      "type": "Feature",
      "geometry": {
        "type": "Polygon",
        "coordinates": [
          [
            [
              36.143067,
              36.194093
            ],
            [
              36.144933,
              36.194093
            ],
            [
              36.144933,
              36.194933
            ],
            [
              36.143067,
              36.194933
            ],
            [
              36.143067,
              36.194093
            ]
          ]
        ]
      },
      "properties": {
        "building_id": "bldg_antakya_000028",
        "height_m": 17.9,
        "height_source": "osm_levels",
        "structural_type": "CR/LFINF+CDM/H:4-7",
        "structural_type_source": "assumed_default_for_region",
        "pga_g": 0.4587,
        "damage_state_probs": {
          "none": 0.0127,
          "slight": 0.172,
          "moderate": 0.3454,
          "extensive": 0.2452,
          "collapse": 0.2247
        },
        "predicted_damage_state": "moderate",
        "ground_truth_damage_state": "moderate"
      }
    },
    {
      "type": "Feature",
      "geometry": {
        "type": "Polygon",
        "coordinates": [
          [
            [
              36.145733,
              36.193067
            ],
            [
              36.1476,
              36.193067
            ],
            [
              36.1476,
              36.193907
            ],
            [
              36.145733,
              36.193907
            ],
            [
              36.145733,
              36.193067
            ]
          ]
        ]
      },
      "properties": {
        "building_id": "bldg_antakya_000029",
        "height_m": 15.3,
        "height_source": "osm_levels",
        "structural_type": "CR/LFINF+CDM/H:4-7",
        "structural_type_source": "assumed_default_for_region",
        "pga_g": 0.4615,
        "damage_state_probs": {
          "none": 0.0123,
          "slight": 0.1695,
          "moderate": 0.3443,
          "extensive": 0.2464,
          "collapse": 0.2275
        },
        "predicted_damage_state": "moderate",
        "ground_truth_damage_state": "moderate"
      }
    },
    {
      "type": "Feature",
      "geometry": {
        "type": "Polygon",
        "coordinates": [
          [
            [
              36.145733,
              36.194093
            ],
            [
              36.1476,
              36.194093
            ],
            [
              36.1476,
              36.194933
            ],
            [
              36.145733,
              36.194933
            ],
            [
              36.145733,
              36.194093
            ]
          ]
        ]
      },
      "properties": {
        "building_id": "bldg_antakya_000030",
        "height_m": 23.1,
        "height_source": "osm_levels",
        "structural_type": "CR/LFINF+CDM/H:8+",
        "structural_type_source": "assumed_default_for_region",
        "pga_g": 0.4608,
        "damage_state_probs": {
          "none": 0.0036,
          "slight": 0.1142,
          "moderate": 0.3208,
          "extensive": 0.2867,
          "collapse": 0.2747
        },
        "predicted_damage_state": "moderate",
        "ground_truth_damage_state": "moderate"
      }
    },
    {
      "type": "Feature",
      "geometry": {
        "type": "Polygon",
        "coordinates": [
          [
            [
              36.1484,
              36.193067
            ],
            [
              36.150267,
              36.193067
            ],
            [
              36.150267,
              36.193907
            ],
            [
              36.1484,
              36.193907
            ],
            [
              36.1484,
              36.193067
            ]
          ]
        ]
      },
      "properties": {
        "building_id": "bldg_antakya_000031",
        "height_m": 19.4,
        "height_source": "osm_levels",
        "structural_type": "CR/LFINF+CDM/H:4-7",
        "structural_type_source": "assumed_default_for_region",
        "pga_g": 0.4635,
        "damage_state_probs": {
          "none": 0.012,
          "slight": 0.1677,
          "moderate": 0.3435,
          "extensive": 0.2472,
          "collapse": 0.2295
        },
        "predicted_damage_state": "moderate",
        "ground_truth_damage_state": "moderate"
      }
    },
    {
      "type": "Feature",
      "geometry": {
        "type": "Polygon",
        "coordinates": [
          [
            [
              36.1484,
              36.194093
            ],
            [
              36.150267,
              36.194093
            ],
            [
              36.150267,
              36.194933
            ],
            [
              36.1484,
              36.194933
            ],
            [
              36.1484,
              36.194093
            ]
          ]
        ]
      },
      "properties": {
        "building_id": "bldg_antakya_000032",
        "height_m": 5.0,
        "height_source": "google_open_buildings",
        "structural_type": "URM/LWAL/H:1-2",
        "structural_type_source": "assumed_default_for_region",
        "pga_g": 0.4629,
        "damage_state_probs": {
          "none": 0.0027,
          "slight": 0.0783,
          "moderate": 0.2526,
          "extensive": 0.2637,
          "collapse": 0.4027
        },
        "predicted_damage_state": "collapse",
        "ground_truth_damage_state": "collapse"
      }
    },
    {
      "type": "Feature",
      "geometry": {
        "type": "Polygon",
        "coordinates": [
          [
            [
              36.151067,
              36.193067
            ],
            [
              36.152933,
              36.193067
            ],
            [
              36.152933,
              36.193907
            ],
            [
              36.151067,
              36.193907
            ],
            [
              36.151067,
              36.193067
            ]
          ]
        ]
      },
      "properties": {
        "building_id": "bldg_antakya_000033",
        "height_m": 17.7,
        "height_source": "osm_levels",
        "structural_type": "CR/LFINF+CDM/H:4-7",
        "structural_type_source": "assumed_default_for_region",
        "pga_g": 0.4654,
        "damage_state_probs": {
          "none": 0.0118,
          "slight": 0.166,
          "moderate": 0.3427,
          "extensive": 0.248,
          "collapse": 0.2314
        },
        "predicted_damage_state": "moderate",
        "ground_truth_damage_state": "moderate"
      }
    },
    {
      "type": "Feature",
      "geometry": {
        "type": "Polygon",
        "coordinates": [
          [
            [
              36.151067,
              36.194093
            ],
            [
              36.152933,
              36.194093
            ],
            [
              36.152933,
              36.194933
            ],
            [
              36.151067,
              36.194933
            ],
            [
              36.151067,
              36.194093
            ]
          ]
        ]
      },
      "properties": {
        "building_id": "bldg_antakya_000034",
        "height_m": 19.9,
        "height_source": "osm_levels",
        "structural_type": "CR/LFINF+CDM/H:4-7",
        "structural_type_source": "assumed_default_for_region",
        "pga_g": 0.4648,
        "damage_state_probs": {
          "none": 0.0119,
          "slight": 0.1665,
          "moderate": 0.343,
          "extensive": 0.2478,
          "collapse": 0.2308
        },
        "predicted_damage_state": "moderate",
        "ground_truth_damage_state": "moderate"
      }
    },
    {
      "type": "Feature",
      "geometry": {
        "type": "Polygon",
        "coordinates": [
          [
            [
              36.153733,
              36.193067
            ],
            [
              36.1556,
              36.193067
            ],
            [
              36.1556,
              36.193907
            ],
            [
              36.153733,
              36.193907
            ],
            [
              36.153733,
              36.193067
            ]
          ]
        ]
      },
      "properties": {
        "building_id": "bldg_antakya_000035",
        "height_m": 20.4,
        "height_source": "osm_levels",
        "structural_type": "CR/LFINF+CDM/H:4-7",
        "structural_type_source": "assumed_default_for_region",
        "pga_g": 0.4672,
        "damage_state_probs": {
          "none": 0.0115,
          "slight": 0.1644,
          "moderate": 0.342,
          "extensive": 0.2488,
          "collapse": 0.2333
        },
        "predicted_damage_state": "moderate",
        "ground_truth_damage_state": "moderate"
      }
    },
    {
      "type": "Feature",
      "geometry": {
        "type": "Polygon",
        "coordinates": [
          [
            [
              36.153733,
              36.194093
            ],
            [
              36.1556,
              36.194093
            ],
            [
              36.1556,
              36.194933
            ],
            [
              36.153733,
              36.194933
            ],
            [
              36.153733,
              36.194093
            ]
          ]
        ]
      },
      "properties": {
        "building_id": "bldg_antakya_000036",
        "height_m": 30.0,
        "height_source": "assumed_regional_average",
        "structural_type": "CR/LFINF+CDM/H:8+",
        "structural_type_source": "assumed_default_for_region",
        "pga_g": 0.4667,
        "damage_state_probs": {
          "none": 0.0033,
          "slight": 0.11,
          "moderate": 0.317,
          "extensive": 0.2885,
          "collapse": 0.2813
        },
        "predicted_damage_state": "moderate",
        "ground_truth_damage_state": "moderate"
      }
    },
    {
      "type": "Feature",
      "geometry": {
        "type": "Polygon",
        "coordinates": [
          [
            [
              36.159067,
              36.193067
            ],
            [
              36.160933,
              36.193067
            ],
            [
              36.160933,
              36.193907
            ],
            [
              36.159067,
              36.193907
            ],
            [
              36.159067,
              36.193067
            ]
          ]
        ]
      },
      "properties": {
        "building_id": "bldg_antakya_000037",
        "height_m": 13.5,
        "height_source": "osm_levels",
        "structural_type": "CR/LFINF+CDM/H:4-7",
        "structural_type_source": "assumed_default_for_region",
        "pga_g": 0.4706,
        "damage_state_probs": {
          "none": 0.0111,
          "slight": 0.1615,
          "moderate": 0.3406,
          "extensive": 0.2502,
          "collapse": 0.2367
        },
        "predicted_damage_state": "moderate",
        "ground_truth_damage_state": "moderate"
      }
    },
    {
      "type": "Feature",
      "geometry": {
        "type": "Polygon",
        "coordinates": [
          [
            [
              36.159067,
              36.194093
            ],
            [
              36.160933,
              36.194093
            ],
            [
              36.160933,
              36.194933
            ],
            [
              36.159067,
              36.194933
            ],
            [
              36.159067,
              36.194093
            ]
          ]
        ]
      },
      "properties": {
        "building_id": "bldg_antakya_000038",
        "height_m": 13.6,
        "height_source": "osm_levels",
        "structural_type": "CR/LFINF+CDM/H:4-7",
        "structural_type_source": "assumed_default_for_region",
        "pga_g": 0.4701,
        "damage_state_probs": {
          "none": 0.0112,
          "slight": 0.1619,
          "moderate": 0.3408,
          "extensive": 0.25,
          "collapse": 0.2362
        },
        "predicted_damage_state": "moderate",
        "ground_truth_damage_state": "moderate"
      }
    },
    {
      "type": "Feature",
      "geometry": {
        "type": "Polygon",
        "coordinates": [
          [
            [
              36.161733,
              36.193067
            ],
            [
              36.1636,
              36.193067
            ],
            [
              36.1636,
              36.193907
            ],
            [
              36.161733,
              36.193907
            ],
            [
              36.161733,
              36.193067
            ]
          ]
        ]
      },
      "properties": {
        "building_id": "bldg_antakya_000039",
        "height_m": 17.4,
        "height_source": "osm_levels",
        "structural_type": "CR/LFINF+CDM/H:4-7",
        "structural_type_source": "assumed_default_for_region",
        "pga_g": 0.4721,
        "damage_state_probs": {
          "none": 0.0109,
          "slight": 0.1602,
          "moderate": 0.3399,
          "extensive": 0.2508,
          "collapse": 0.2382
        },
        "predicted_damage_state": "moderate",
        "ground_truth_damage_state": "moderate"
      }
    },
    {
      "type": "Feature",
      "geometry": {
        "type": "Polygon",
        "coordinates": [
          [
            [
              36.161733,
              36.194093
            ],
            [
              36.1636,
              36.194093
            ],
            [
              36.1636,
              36.194933
            ],
            [
              36.161733,
              36.194933
            ],
            [
              36.161733,
              36.194093
            ]
          ]
        ]
      },
      "properties": {
        "building_id": "bldg_antakya_000040",
        "height_m": 13.3,
        "height_source": "osm_levels",
        "structural_type": "CR/LFINF+CDM/H:4-7",
        "structural_type_source": "assumed_default_for_region",
        "pga_g": 0.4717,
        "damage_state_probs": {
          "none": 0.011,
          "slight": 0.1605,
          "moderate": 0.3401,
          "extensive": 0.2506,
          "collapse": 0.2378
        },
        "predicted_damage_state": "moderate",
        "ground_truth_damage_state": "moderate"
      }
    },
    {
      "type": "Feature",
      "geometry": {
        "type": "Polygon",
        "coordinates": [
          [
            [
              36.1644,
              36.193067
            ],
            [
              36.166267,
              36.193067
            ],
            [
              36.166267,
              36.193907
            ],
            [
              36.1644,
              36.193907
            ],
            [
              36.1644,
              36.193067
            ]
          ]
        ]
      },
      "properties": {
        "building_id": "bldg_antakya_000041",
        "height_m": 30.6,
        "height_source": "assumed_regional_average",
        "structural_type": "CR/LFINF+CDM/H:8+",
        "structural_type_source": "assumed_default_for_region",
        "pga_g": 0.4736,
        "damage_state_probs": {
          "none": 0.003,
          "slight": 0.1052,
          "moderate": 0.3124,
          "extensive": 0.2904,
          "collapse": 0.2889
        },
        "predicted_damage_state": "moderate",
        "ground_truth_damage_state": "moderate"
      }
    },
    {
      "type": "Feature",
      "geometry": {
        "type": "Polygon",
        "coordinates": [
          [
            [
              36.1644,
              36.194093
            ],
            [
              36.166267,
              36.194093
            ],
            [
              36.166267,
              36.194933
            ],
            [
              36.1644,
              36.194933
            ],
            [
              36.1644,
              36.194093
            ]
          ]
        ]
      },
      "properties": {
        "building_id": "bldg_antakya_000042",
        "height_m": 4.6,
        "height_source": "google_open_buildings",
        "structural_type": "URM/LWAL/H:1-2",
        "structural_type_source": "assumed_default_for_region",
        "pga_g": 0.4731,
        "damage_state_probs": {
          "none": 0.0024,
          "slight": 0.0733,
          "moderate": 0.2458,
          "extensive": 0.2637,
          "collapse": 0.4148
        },
        "predicted_damage_state": "collapse",
        "ground_truth_damage_state": "collapse"
      }
    },
    {
      "type": "Feature",
      "geometry": {
        "type": "Polygon",
        "coordinates": [
          [
            [
              36.167067,
              36.193067
            ],
            [
              36.168933,
              36.193067
            ],
            [
              36.168933,
              36.193907
            ],
            [
              36.167067,
              36.193907
            ],
            [
              36.167067,
              36.193067
            ]
          ]
        ]
      },
      "properties": {
        "building_id": "bldg_antakya_000043",
        "height_m": 16.8,
        "height_source": "osm_levels",
        "structural_type": "CR/LFINF+CDM/H:4-7",
        "structural_type_source": "assumed_default_for_region",
        "pga_g": 0.4749,
        "damage_state_probs": {
          "none": 0.0106,
          "slight": 0.1578,
          "moderate": 0.3387,
          "extensive": 0.2519,
          "collapse": 0.241
        },
        "predicted_damage_state": "moderate",
        "ground_truth_damage_state": "moderate"
      }
    },
    {
      "type": "Feature",
      "geometry": {
        "type": "Polygon",
        "coordinates": [
          [
            [
              36.167067,
              36.194093
            ],
            [
              36.168933,
              36.194093
            ],
            [
              36.168933,
              36.194933
            ],
            [
              36.167067,
              36.194933
            ],
            [
              36.167067,
              36.194093
            ]
          ]
        ]
      },
      "properties": {
        "building_id": "bldg_antakya_000044",
        "height_m": 12.4,
        "height_source": "osm_levels",
        "structural_type": "CR/LFINF+CDM/H:4-7",
        "structural_type_source": "assumed_default_for_region",
        "pga_g": 0.4745,
        "damage_state_probs": {
          "none": 0.0106,
          "slight": 0.1581,
          "moderate": 0.3389,
          "extensive": 0.2517,
          "collapse": 0.2406
        },
        "predicted_damage_state": "moderate",
        "ground_truth_damage_state": "moderate"
      }
    },
    {
      "type": "Feature",
      "geometry": {
        "type": "Polygon",
        "coordinates": [
          [
            [
              36.169733,
              36.193067
            ],
            [
              36.1716,
              36.193067
            ],
            [
              36.1716,
              36.193907
            ],
            [
              36.169733,
              36.193907
            ],
            [
              36.169733,
              36.193067
            ]
          ]
        ]
      },
      "properties": {
        "building_id": "bldg_antakya_000045",
        "height_m": 18.0,
        "height_source": "osm_levels",
        "structural_type": "CR/LFINF+CDM/H:4-7",
        "structural_type_source": "assumed_default_for_region",
        "pga_g": 0.4761,
        "damage_state_probs": {
          "none": 0.0104,
          "slight": 0.1568,
          "moderate": 0.3382,
          "extensive": 0.2523,
          "collapse": 0.2422
        },
        "predicted_damage_state": "moderate",
        "ground_truth_damage_state": "moderate"
      }
    },
    {
      "type": "Feature",
      "geometry": {
        "type": "Polygon",
        "coordinates": [
          [
            [
              36.169733,
              36.194093
            ],
            [
              36.1716,
              36.194093
            ],
            [
              36.1716,
              36.194933
            ],
            [
              36.169733,
              36.194933
            ],
            [
              36.169733,
              36.194093
            ]
          ]
        ]
      },
      "properties": {
        "building_id": "bldg_antakya_000046",
        "height_m": 17.8,
        "height_source": "osm_levels",
        "structural_type": "CR/LFINF+CDM/H:4-7",
        "structural_type_source": "assumed_default_for_region",
        "pga_g": 0.4758,
        "damage_state_probs": {
          "none": 0.0105,
          "slight": 0.157,
          "moderate": 0.3383,
          "extensive": 0.2522,
          "collapse": 0.2419
        },
        "predicted_damage_state": "moderate",
        "ground_truth_damage_state": "moderate"
      }
    },
    {
      "type": "Feature",
      "geometry": {
        "type": "Polygon",
        "coordinates": [
          [
            [
              36.1724,
              36.193067
            ],
            [
              36.174267,
              36.193067
            ],
            [
              36.174267,
              36.193907
            ],
            [
              36.1724,
              36.193907
            ],
            [
              36.1724,
              36.193067
            ]
          ]
        ]
      },
      "properties": {
        "building_id": "bldg_antakya_000047",
        "height_m": 18.1,
        "height_source": "osm_levels",
        "structural_type": "CR/LFINF+CDM/H:4-7",
        "structural_type_source": "assumed_default_for_region",
        "pga_g": 0.4773,
        "damage_state_probs": {
          "none": 0.0103,
          "slight": 0.1558,
          "moderate": 0.3377,
          "extensive": 0.2528,
          "collapse": 0.2434
        },
        "predicted_damage_state": "moderate",
        "ground_truth_damage_state": "extensive"
      }
    },
    {
      "type": "Feature",
      "geometry": {
        "type": "Polygon",
        "coordinates": [
          [
            [
              36.1724,
              36.194093
            ],
            [
              36.174267,
              36.194093
            ],
            [
              36.174267,
              36.194933
            ],
            [
              36.1724,
              36.194933
            ],
            [
              36.1724,
              36.194093
            ]
          ]
        ]
      },
      "properties": {
        "building_id": "bldg_antakya_000048",
        "height_m": 22.1,
        "height_source": "osm_levels",
        "structural_type": "CR/LFINF+CDM/H:8+",
        "structural_type_source": "assumed_default_for_region",
        "pga_g": 0.4769,
        "damage_state_probs": {
          "none": 0.0029,
          "slight": 0.103,
          "moderate": 0.3102,
          "extensive": 0.2913,
          "collapse": 0.2926
        },
        "predicted_damage_state": "moderate",
        "ground_truth_damage_state": "moderate"
      }
    },
    {
      "type": "Feature",
      "geometry": {
        "type": "Polygon",
        "coordinates": [
          [
            [
              36.177733,
              36.193067
            ],
            [
              36.1796,
              36.193067
            ],
            [
              36.1796,
              36.193907
            ],
            [
              36.177733,
              36.193907
            ],
            [
              36.177733,
              36.193067
            ]
          ]
        ]
      },
      "properties": {
        "building_id": "bldg_antakya_000049",
        "height_m": 13.6,
        "height_source": "osm_levels",
        "structural_type": "CR/LFINF+CDM/H:4-7",
        "structural_type_source": "assumed_default_for_region",
        "pga_g": 0.4791,
        "damage_state_probs": {
          "none": 0.0101,
          "slight": 0.1543,
          "moderate": 0.3369,
          "extensive": 0.2535,
          "collapse": 0.2453
        },
        "predicted_damage_state": "moderate",
        "ground_truth_damage_state": "moderate"
      }
    },
    {
      "type": "Feature",
      "geometry": {
        "type": "Polygon",
        "coordinates": [
          [
            [
              36.177733,
              36.194093
            ],
            [
              36.1796,
              36.194093
            ],
            [
              36.1796,
              36.194933
            ],
            [
              36.177733,
              36.194933
            ],
            [
              36.177733,
              36.194093
            ]
          ]
        ]
      },
      "properties": {
        "building_id": "bldg_antakya_000050",
        "height_m": 12.7,
        "height_source": "osm_levels",
        "structural_type": "CR/LFINF+CDM/H:4-7",
        "structural_type_source": "assumed_default_for_region",
        "pga_g": 0.4789,
        "damage_state_probs": {
          "none": 0.0101,
          "slight": 0.1545,
          "moderate": 0.3369,
          "extensive": 0.2534,
          "collapse": 0.2451
        },
        "predicted_damage_state": "moderate",
        "ground_truth_damage_state": "moderate"
      }
    },
    {
      "type": "Feature",
      "geometry": {
        "type": "Polygon",
        "coordinates": [
          [
            [
              36.1404,
              36.195733
            ],
            [
              36.142267,
              36.195733
            ],
            [
              36.142267,
              36.196573
            ],
            [
              36.1404,
              36.196573
            ],
            [
              36.1404,
              36.195733
            ]
          ]
        ]
      },
      "properties": {
        "building_id": "bldg_antakya_000051",
        "height_m": 14.7,
        "height_source": "osm_levels",
        "structural_type": "CR/LFINF+CDM/H:4-7",
        "structural_type_source": "assumed_default_for_region",
        "pga_g": 0.4554,
        "damage_state_probs": {
          "none": 0.0132,
          "slight": 0.1751,
          "moderate": 0.3467,
          "extensive": 0.2437,
          "collapse": 0.2214
        },
        "predicted_damage_state": "moderate",
        "ground_truth_damage_state": "extensive"
      }
    },
    {
      "type": "Feature",
      "geometry": {
        "type": "Polygon",
        "coordinates": [
          [
            [
              36.1404,
              36.19676
            ],
            [
              36.142267,
              36.19676
            ],
            [
              36.142267,
              36.1976
            ],
            [
              36.1404,
              36.1976
            ],
            [
              36.1404,
              36.19676
            ]
          ]
        ]
      },
      "properties": {
        "building_id": "bldg_antakya_000052",
        "height_m": 34.6,
        "height_source": "assumed_regional_average",
        "structural_type": "CR/LFINF+CDM/H:8+",
        "structural_type_source": "assumed_default_for_region",
        "pga_g": 0.4547,
        "damage_state_probs": {
          "none": 0.0039,
          "slight": 0.1188,
          "moderate": 0.3247,
          "extensive": 0.2847,
          "collapse": 0.2679
        },
        "predicted_damage_state": "moderate",
        "ground_truth_damage_state": "slight"
      }
    },
    {
      "type": "Feature",
      "geometry": {
        "type": "Polygon",
        "coordinates": [
          [
            [
              36.143067,
              36.195733
            ],
            [
              36.144933,
              36.195733
            ],
            [
              36.144933,
              36.196573
            ],
            [
              36.143067,
              36.196573
            ],
            [
              36.143067,
              36.195733
            ]
          ]
        ]
      },
      "properties": {
        "building_id": "bldg_antakya_000053",
        "height_m": 15.0,
        "height_source": "osm_levels",
        "structural_type": "CR/LFINF+CDM/H:4-7",
        "structural_type_source": "assumed_default_for_region",
        "pga_g": 0.4576,
        "damage_state_probs": {
          "none": 0.0128,
          "slight": 0.1731,
          "moderate": 0.3458,
          "extensive": 0.2447,
          "collapse": 0.2236
        },
        "predicted_damage_state": "moderate",
        "ground_truth_damage_state": "moderate"
      }
    },
    {
      "type": "Feature",
      "geometry": {
        "type": "Polygon",
        "coordinates": [
          [
            [
              36.143067,
              36.19676
            ],
            [
              36.144933,
              36.19676
            ],
            [
              36.144933,
              36.1976
            ],
            [
              36.143067,
              36.1976
            ],
            [
              36.143067,
              36.19676
            ]
          ]
        ]
      },
      "properties": {
        "building_id": "bldg_antakya_000054",
        "height_m": 5.9,
        "height_source": "google_open_buildings",
        "structural_type": "CR/LFINF+CDM/H:1-3",
        "structural_type_source": "assumed_default_for_region",
        "pga_g": 0.457,
        "damage_state_probs": {
          "none": 0.0312,
          "slight": 0.2273,
          "moderate": 0.3627,
          "extensive": 0.2089,
          "collapse": 0.1699
        },
        "predicted_damage_state": "moderate",
        "ground_truth_damage_state": "moderate"
      }
    },
    {
      "type": "Feature",
      "geometry": {
        "type": "Polygon",
        "coordinates": [
          [
            [
              36.145733,
              36.195733
            ],
            [
              36.1476,
              36.195733
            ],
            [
              36.1476,
              36.196573
            ],
            [
              36.145733,
              36.196573
            ],
            [
              36.145733,
              36.195733
            ]
          ]
        ]
      },
      "properties": {
        "building_id": "bldg_antakya_000055",
        "height_m": 15.8,
        "height_source": "osm_levels",
        "structural_type": "CR/LFINF+CDM/H:4-7",
        "structural_type_source": "assumed_default_for_region",
        "pga_g": 0.4598,
        "damage_state_probs": {
          "none": 0.0125,
          "slight": 0.171,
          "moderate": 0.345,
          "extensive": 0.2456,
          "collapse": 0.2258
        },
        "predicted_damage_state": "moderate",
        "ground_truth_damage_state": "moderate"
      }
    },
    {
      "type": "Feature",
      "geometry": {
        "type": "Polygon",
        "coordinates": [
          [
            [
              36.145733,
              36.19676
            ],
            [
              36.1476,
              36.19676
            ],
            [
              36.1476,
              36.1976
            ],
            [
              36.145733,
              36.1976
            ],
            [
              36.145733,
              36.19676
            ]
          ]
        ]
      },
      "properties": {
        "building_id": "bldg_antakya_000056",
        "height_m": 12.9,
        "height_source": "osm_levels",
        "structural_type": "CR/LFINF+CDM/H:4-7",
        "structural_type_source": "assumed_default_for_region",
        "pga_g": 0.4591,
        "damage_state_probs": {
          "none": 0.0126,
          "slight": 0.1717,
          "moderate": 0.3453,
          "extensive": 0.2453,
          "collapse": 0.2251
        },
        "predicted_damage_state": "moderate",
        "ground_truth_damage_state": "moderate"
      }
    },
    {
      "type": "Feature",
      "geometry": {
        "type": "Polygon",
        "coordinates": [
          [
            [
              36.1484,
              36.195733
            ],
            [
              36.150267,
              36.195733
            ],
            [
              36.150267,
              36.196573
            ],
            [
              36.1484,
              36.196573
            ],
            [
              36.1484,
              36.195733
            ]
          ]
        ]
      },
      "properties": {
        "building_id": "bldg_antakya_000057",
        "height_m": 21.2,
        "height_source": "osm_levels",
        "structural_type": "CR/LFINF+CDM/H:4-7",
        "structural_type_source": "assumed_default_for_region",
        "pga_g": 0.4618,
        "damage_state_probs": {
          "none": 0.0123,
          "slight": 0.1692,
          "moderate": 0.3442,
          "extensive": 0.2465,
          "collapse": 0.2278
        },
        "predicted_damage_state": "moderate",
        "ground_truth_damage_state": "moderate"
      }
    },
    {
      "type": "Feature",
      "geometry": {
        "type": "Polygon",
        "coordinates": [
          [
            [
              36.1484,
              36.19676
            ],
            [
              36.150267,
              36.19676
            ],
            [
              36.150267,
              36.1976
            ],
            [
              36.1484,
              36.1976
            ],
            [
              36.1484,
              36.19676
            ]
          ]
        ]
      },
      "properties": {
        "building_id": "bldg_antakya_000058",
        "height_m": 21.2,
        "height_source": "osm_levels",
        "structural_type": "CR/LFINF+CDM/H:4-7",
        "structural_type_source": "assumed_default_for_region",
        "pga_g": 0.4612,
        "damage_state_probs": {
          "none": 0.0123,
          "slight": 0.1698,
          "moderate": 0.3444,
          "extensive": 0.2462,
          "collapse": 0.2272
        },
        "predicted_damage_state": "moderate",
        "ground_truth_damage_state": "extensive"
      }
    },
    {
      "type": "Feature",
      "geometry": {
        "type": "Polygon",
        "coordinates": [
          [
            [
              36.151067,
              36.195733
            ],
            [
              36.152933,
              36.195733
            ],
            [
              36.152933,
              36.196573
            ],
            [
              36.151067,
              36.196573
            ],
            [
              36.151067,
              36.195733
            ]
          ]
        ]
      },
      "properties": {
        "building_id": "bldg_antakya_000059",
        "height_m": 5.0,
        "height_source": "google_open_buildings",
        "structural_type": "URM/LWAL/H:1-2",
        "structural_type_source": "assumed_default_for_region",
        "pga_g": 0.4638,
        "damage_state_probs": {
          "none": 0.0026,
          "slight": 0.0778,
          "moderate": 0.252,
          "extensive": 0.2637,
          "collapse": 0.4038
        },
        "predicted_damage_state": "collapse",
        "ground_truth_damage_state": "extensive"
      }
    },
    {
      "type": "Feature",
      "geometry": {
        "type": "Polygon",
        "coordinates": [
          [
            [
              36.151067,
              36.19676
            ],
            [
              36.152933,
              36.19676
            ],
            [
              36.152933,
              36.1976
            ],
            [
              36.151067,
              36.1976
            ],
            [
              36.151067,
              36.19676
            ]
          ]
        ]
      },
      "properties": {
        "building_id": "bldg_antakya_000060",
        "height_m": 34.7,
        "height_source": "assumed_regional_average",
        "structural_type": "CR/LFINF+CDM/H:8+",
        "structural_type_source": "assumed_default_for_region",
        "pga_g": 0.4632,
        "damage_state_probs": {
          "none": 0.0035,
          "slight": 0.1125,
          "moderate": 0.3192,
          "extensive": 0.2874,
          "collapse": 0.2774
        },
        "predicted_damage_state": "moderate",
        "ground_truth_damage_state": "moderate"
      }
    },
    {
      "type": "Feature",
      "geometry": {
        "type": "Polygon",
        "coordinates": [
          [
            [
              36.1564,
              36.195733
            ],
            [
              36.158267,
              36.195733
            ],
            [
              36.158267,
              36.196573
            ],
            [
              36.1564,
              36.196573
            ],
            [
              36.1564,
              36.195733
            ]
          ]
        ]
      },
      "properties": {
        "building_id": "bldg_antakya_000061",
        "height_m": 19.8,
        "height_source": "osm_levels",
        "structural_type": "CR/LFINF+CDM/H:4-7",
        "structural_type_source": "assumed_default_for_region",
        "pga_g": 0.4675,
        "damage_state_probs": {
          "none": 0.0115,
          "slight": 0.1642,
          "moderate": 0.3419,
          "extensive": 0.2489,
          "collapse": 0.2336
        },
        "predicted_damage_state": "moderate",
        "ground_truth_damage_state": "moderate"
      }
    },
    {
      "type": "Feature",
      "geometry": {
        "type": "Polygon",
        "coordinates": [
          [
            [
              36.1564,
              36.19676
            ],
            [
              36.158267,
              36.19676
            ],
            [
              36.158267,
              36.1976
            ],
            [
              36.1564,
              36.1976
            ],
            [
              36.1564,
              36.19676
            ]
          ]
        ]
      },
      "properties": {
        "building_id": "bldg_antakya_000062",
        "height_m": 5.8,
        "height_source": "google_open_buildings",
        "structural_type": "CR/LFINF+CDM/H:1-3",
        "structural_type_source": "assumed_default_for_region",
        "pga_g": 0.467,
        "damage_state_probs": {
          "none": 0.0283,
          "slight": 0.2177,
          "moderate": 0.3615,
          "extensive": 0.2141,
          "collapse": 0.1784
        },
        "predicted_damage_state": "moderate",
        "ground_truth_damage_state": "slight"
      }
    },
    {
      "type": "Feature",
      "geometry": {
        "type": "Polygon",
        "coordinates": [
          [
            [
              36.159067,
              36.195733
            ],
            [
              36.160933,
              36.195733
            ],
            [
              36.160933,
              36.196573
            ],
            [
              36.159067,
              36.196573
            ],
            [
              36.159067,
              36.195733
            ]
          ]
        ]
      },
      "properties": {
        "building_id": "bldg_antakya_000063",
        "height_m": 5.2,
        "height_source": "google_open_buildings",
        "structural_type": "URM/LWAL/H:1-2",
        "structural_type_source": "assumed_default_for_region",
        "pga_g": 0.4693,
        "damage_state_probs": {
          "none": 0.0025,
          "slight": 0.0751,
          "moderate": 0.2483,
          "extensive": 0.2638,
          "collapse": 0.4103
        },
        "predicted_damage_state": "collapse",
        "ground_truth_damage_state": "extensive"
      }
    },
    {
      "type": "Feature",
      "geometry": {
        "type": "Polygon",
        "coordinates": [
          [
            [
              36.159067,
              36.19676
            ],
            [
              36.160933,
              36.19676
            ],
            [
              36.160933,
              36.1976
            ],
            [
              36.159067,
              36.1976
            ],
            [
              36.159067,
              36.19676
            ]
          ]
        ]
      },
      "properties": {
        "building_id": "bldg_antakya_000064",
        "height_m": 22.6,
        "height_source": "osm_levels",
        "structural_type": "CR/LFINF+CDM/H:8+",
        "structural_type_source": "assumed_default_for_region",
        "pga_g": 0.4687,
        "damage_state_probs": {
          "none": 0.0032,
          "slight": 0.1086,
          "moderate": 0.3156,
          "extensive": 0.2891,
          "collapse": 0.2835
        },
        "predicted_damage_state": "moderate",
        "ground_truth_damage_state": "moderate"
      }
    },
    {
      "type": "Feature",
      "geometry": {
        "type": "Polygon",
        "coordinates": [
          [
            [
              36.161733,
              36.195733
            ],
            [
              36.1636,
              36.195733
            ],
            [
              36.1636,
              36.196573
            ],
            [
              36.161733,
              36.196573
            ],
            [
              36.161733,
              36.195733
            ]
          ]
        ]
      },
      "properties": {
        "building_id": "bldg_antakya_000065",
        "height_m": 5.2,
        "height_source": "google_open_buildings",
        "structural_type": "CR/LFINF+CDM/H:1-3",
        "structural_type_source": "assumed_default_for_region",
        "pga_g": 0.4709,
        "damage_state_probs": {
          "none": 0.0272,
          "slight": 0.214,
          "moderate": 0.3609,
          "extensive": 0.2161,
          "collapse": 0.1818
        },
        "predicted_damage_state": "moderate",
        "ground_truth_damage_state": "slight"
      }
    },
    {
      "type": "Feature",
      "geometry": {
        "type": "Polygon",
        "coordinates": [
          [
            [
              36.161733,
              36.19676
            ],
            [
              36.1636,
              36.19676
            ],
            [
              36.1636,
              36.1976
            ],
            [
              36.161733,
              36.1976
            ],
            [
              36.161733,
              36.19676
            ]
          ]
        ]
      },
      "properties": {
        "building_id": "bldg_antakya_000066",
        "height_m": 17.2,
        "height_source": "osm_levels",
        "structural_type": "CR/LFINF+CDM/H:4-7",
        "structural_type_source": "assumed_default_for_region",
        "pga_g": 0.4704,
        "damage_state_probs": {
          "none": 0.0111,
          "slight": 0.1616,
          "moderate": 0.3407,
          "extensive": 0.2501,
          "collapse": 0.2365
        },
        "predicted_damage_state": "moderate",
        "ground_truth_damage_state": "extensive"
      }
    },
    {
      "type": "Feature",
      "geometry": {
        "type": "Polygon",
        "coordinates": [
          [
            [
              36.1644,
              36.195733
            ],
            [
              36.166267,
              36.195733
            ],
            [
              36.166267,
              36.196573
            ],
            [
              36.1644,
              36.196573
            ],
            [
              36.1644,
              36.195733
            ]
          ]
        ]
      },
      "properties": {
        "building_id": "bldg_antakya_000067",
        "height_m": 13.3,
        "height_source": "osm_levels",
        "structural_type": "CR/LFINF+CDM/H:4-7",
        "structural_type_source": "assumed_default_for_region",
        "pga_g": 0.4724,
        "damage_state_probs": {
          "none": 0.0109,
          "slight": 0.1599,
          "moderate": 0.3398,
          "extensive": 0.2509,
          "collapse": 0.2385
        },
        "predicted_damage_state": "moderate",
        "ground_truth_damage_state": "moderate"
      }
    },
    {
      "type": "Feature",
      "geometry": {
        "type": "Polygon",
        "coordinates": [
          [
            [
              36.1644,
              36.19676
            ],
            [
              36.166267,
              36.19676
            ],
            [
              36.166267,
              36.1976
            ],
            [
              36.1644,
              36.1976
            ],
            [
              36.1644,
              36.19676
            ]
          ]
        ]
      },
      "properties": {
        "building_id": "bldg_antakya_000068",
        "height_m": 16.4,
        "height_source": "osm_levels",
        "structural_type": "CR/LFINF+CDM/H:4-7",
        "structural_type_source": "assumed_default_for_region",
        "pga_g": 0.4719,
        "damage_state_probs": {
          "none": 0.0109,
          "slight": 0.1604,
          "moderate": 0.34,
          "extensive": 0.2507,
          "collapse": 0.238
        },
        "predicted_damage_state": "moderate",
        "ground_truth_damage_state": "extensive"
      }
    },
    {
      "type": "Feature",
      "geometry": {
        "type": "Polygon",
        "coordinates": [
          [
            [
              36.167067,
              36.195733
            ],
            [
              36.168933,
              36.195733
            ],
            [
              36.168933,
              36.196573
            ],
            [
              36.167067,
              36.196573
            ],
            [
              36.167067,
              36.195733
            ]
          ]
        ]
      },
      "properties": {
        "building_id": "bldg_antakya_000069",
        "height_m": 13.9,
        "height_source": "osm_levels",
        "structural_type": "CR/LFINF+CDM/H:4-7",
        "structural_type_source": "assumed_default_for_region",
        "pga_g": 0.4738,
        "damage_state_probs": {
          "none": 0.0107,
          "slight": 0.1587,
          "moderate": 0.3392,
          "extensive": 0.2514,
          "collapse": 0.2399
        },
        "predicted_damage_state": "moderate",
        "ground_truth_damage_state": "moderate"
      }
    },
    {
      "type": "Feature",
      "geometry": {
        "type": "Polygon",
        "coordinates": [
          [
            [
              36.167067,
              36.19676
            ],
            [
              36.168933,
              36.19676
            ],
            [
              36.168933,
              36.1976
            ],
            [
              36.167067,
              36.1976
            ],
            [
              36.167067,
              36.19676
            ]
          ]
        ]
      },
      "properties": {
        "building_id": "bldg_antakya_000070",
        "height_m": 32.1,
        "height_source": "assumed_regional_average",
        "structural_type": "CR/LFINF+CDM/H:8+",
        "structural_type_source": "assumed_default_for_region",
        "pga_g": 0.4734,
        "damage_state_probs": {
          "none": 0.003,
          "slight": 0.1054,
          "moderate": 0.3125,
          "extensive": 0.2903,
          "collapse": 0.2887
        },
        "predicted_damage_state": "moderate",
        "ground_truth_damage_state": "extensive"
      }
    },
    {
      "type": "Feature",
      "geometry": {
        "type": "Polygon",
        "coordinates": [
          [
            [
              36.169733,
              36.195733
            ],
            [
              36.1716,
              36.195733
            ],
            [
              36.1716,
              36.196573
            ],
            [
              36.169733,
              36.196573
            ],
            [
              36.169733,
              36.195733
            ]
          ]
        ]
      },
      "properties": {
        "building_id": "bldg_antakya_000071",
        "height_m": 15.1,
        "height_source": "osm_levels",
        "structural_type": "CR/LFINF+CDM/H:4-7",
        "structural_type_source": "assumed_default_for_region",
        "pga_g": 0.4751,
        "damage_state_probs": {
          "none": 0.0106,
          "slight": 0.1576,
          "moderate": 0.3386,
          "extensive": 0.252,
          "collapse": 0.2412
        },
        "predicted_damage_state": "moderate",
        "ground_truth_damage_state": "extensive"
      }
    },
    {
      "type": "Feature",
      "geometry": {
        "type": "Polygon",
        "coordinates": [
          [
            [
              36.169733,
              36.19676
            ],
            [
              36.1716,
              36.19676
            ],
            [
              36.1716,
              36.1976
            ],
            [
              36.169733,
              36.1976
            ],
            [
              36.169733,
              36.19676
            ]
          ]
        ]
      },
      "properties": {
        "building_id": "bldg_antakya_000072",
        "height_m": 4.8,
        "height_source": "google_open_buildings",
        "structural_type": "URM/LWAL/H:1-2",
        "structural_type_source": "assumed_default_for_region",
        "pga_g": 0.4747,
        "damage_state_probs": {
          "none": 0.0023,
          "slight": 0.0725,
          "moderate": 0.2447,
          "extensive": 0.2637,
          "collapse": 0.4167
        },
        "predicted_damage_state": "collapse",
        "ground_truth_damage_state": "collapse"
      }
    },
    {
      "type": "Feature",
      "geometry": {
        "type": "Polygon",
        "coordinates": [
          [
            [
              36.175067,
              36.195733
            ],
            [
              36.176933,
              36.195733
            ],
            [
              36.176933,
              36.196573
            ],
            [
              36.175067,
              36.196573
            ],
            [
              36.175067,
              36.195733
            ]
          ]
        ]
      },
      "properties": {
        "building_id": "bldg_antakya_000073",
        "height_m": 13.4,
        "height_source": "osm_levels",
        "structural_type": "CR/LFINF+CDM/H:4-7",
        "structural_type_source": "assumed_default_for_region",
        "pga_g": 0.4774,
        "damage_state_probs": {
          "none": 0.0103,
          "slight": 0.1557,
          "moderate": 0.3376,
          "extensive": 0.2528,
          "collapse": 0.2435
        },
        "predicted_damage_state": "moderate",
        "ground_truth_damage_state": "moderate"
      }
    },
    {
      "type": "Feature",
      "geometry": {
        "type": "Polygon",
        "coordinates": [
          [
            [
              36.175067,
              36.19676
            ],
            [
              36.176933,
              36.19676
            ],
            [
              36.176933,
              36.1976
            ],
            [
              36.175067,
              36.1976
            ],
            [
              36.175067,
              36.19676
            ]
          ]
        ]
      },
      "properties": {
        "building_id": "bldg_antakya_000074",
        "height_m": 12.4,
        "height_source": "osm_levels",
        "structural_type": "CR/LFINF+CDM/H:4-7",
        "structural_type_source": "assumed_default_for_region",
        "pga_g": 0.4771,
        "damage_state_probs": {
          "none": 0.0103,
          "slight": 0.1559,
          "moderate": 0.3378,
          "extensive": 0.2527,
          "collapse": 0.2432
        },
        "predicted_damage_state": "moderate",
        "ground_truth_damage_state": "moderate"
      }
    },
    {
      "type": "Feature",
      "geometry": {
        "type": "Polygon",
        "coordinates": [
          [
            [
              36.177733,
              36.195733
            ],
            [
              36.1796,
              36.195733
            ],
            [
              36.1796,
              36.196573
            ],
            [
              36.177733,
              36.196573
            ],
            [
              36.177733,
              36.195733
            ]
          ]
        ]
      },
      "properties": {
        "building_id": "bldg_antakya_000075",
        "height_m": 13.4,
        "height_source": "osm_levels",
        "structural_type": "CR/LFINF+CDM/H:4-7",
        "structural_type_source": "assumed_default_for_region",
        "pga_g": 0.4784,
        "damage_state_probs": {
          "none": 0.0102,
          "slight": 0.1549,
          "moderate": 0.3372,
          "extensive": 0.2532,
          "collapse": 0.2446
        },
        "predicted_damage_state": "moderate",
        "ground_truth_damage_state": "moderate"
      }
    },
    {
      "type": "Feature",
      "geometry": {
        "type": "Polygon",
        "coordinates": [
          [
            [
              36.177733,
              36.19676
            ],
            [
              36.1796,
              36.19676
            ],
            [
              36.1796,
              36.1976
            ],
            [
              36.177733,
              36.1976
            ],
            [
              36.177733,
              36.19676
            ]
          ]
        ]
      },
      "properties": {
        "building_id": "bldg_antakya_000076",
        "height_m": 34.5,
        "height_source": "assumed_regional_average",
        "structural_type": "CR/LFINF+CDM/H:8+",
        "structural_type_source": "assumed_default_for_region",
        "pga_g": 0.4781,
        "damage_state_probs": {
          "none": 0.0028,
          "slight": 0.1022,
          "moderate": 0.3094,
          "extensive": 0.2916,
          "collapse": 0.2939
        },
        "predicted_damage_state": "moderate",
        "ground_truth_damage_state": "moderate"
      }
    },
    {
      "type": "Feature",
      "geometry": {
        "type": "Polygon",
        "coordinates": [
          [
            [
              36.1404,
              36.1984
            ],
            [
              36.142267,
              36.1984
            ],
            [
              36.142267,
              36.19924
            ],
            [
              36.1404,
              36.19924
            ],
            [
              36.1404,
              36.1984
            ]
          ]
        ]
      },
      "properties": {
        "building_id": "bldg_antakya_000077",
        "height_m": 4.9,
        "height_source": "google_open_buildings",
        "structural_type": "CR/LFINF+CDM/H:1-3",
        "structural_type_source": "assumed_default_for_region",
        "pga_g": 0.4536,
        "damage_state_probs": {
          "none": 0.0323,
          "slight": 0.2307,
          "moderate": 0.363,
          "extensive": 0.2071,
          "collapse": 0.167
        },
        "predicted_damage_state": "moderate",
        "ground_truth_damage_state": "moderate"
      }
    },
    {
      "type": "Feature",
      "geometry": {
        "type": "Polygon",
        "coordinates": [
          [
            [
              36.1404,
              36.199427
            ],
            [
              36.142267,
              36.199427
            ],
            [
              36.142267,
              36.200267
            ],
            [
              36.1404,
              36.200267
            ],
            [
              36.1404,
              36.199427
            ]
          ]
        ]
      },
      "properties": {
        "building_id": "bldg_antakya_000078",
        "height_m": 12.8,
        "height_source": "osm_levels",
        "structural_type": "CR/LFINF+CDM/H:4-7",
        "structural_type_source": "assumed_default_for_region",
        "pga_g": 0.4528,
        "damage_state_probs": {
          "none": 0.0136,
          "slight": 0.1775,
          "moderate": 0.3476,
          "extensive": 0.2425,
          "collapse": 0.2188
        },
        "predicted_damage_state": "moderate",
        "ground_truth_damage_state": "moderate"
      }
    },
    {
      "type": "Feature",
      "geometry": {
        "type": "Polygon",
        "coordinates": [
          [
            [
              36.143067,
              36.1984
            ],
            [
              36.144933,
              36.1984
            ],
            [
              36.144933,
              36.19924
            ],
            [
              36.143067,
              36.19924
            ],
            [
              36.143067,
              36.1984
            ]
          ]
        ]
      },
      "properties": {
        "building_id": "bldg_antakya_000079",
        "height_m": 31.3,
        "height_source": "assumed_regional_average",
        "structural_type": "CR/LFINF+CDM/H:8+",
        "structural_type_source": "assumed_default_for_region",
        "pga_g": 0.4558,
        "damage_state_probs": {
          "none": 0.0038,
          "slight": 0.118,
          "moderate": 0.324,
          "extensive": 0.2851,
          "collapse": 0.2691
        },
        "predicted_damage_state": "moderate",
        "ground_truth_damage_state": "extensive"
      }
    },
    {
      "type": "Feature",
      "geometry": {
        "type": "Polygon",
        "coordinates": [
          [
            [
              36.143067,
              36.199427
            ],
            [
              36.144933,
              36.199427
            ],
            [
              36.144933,
              36.200267
            ],
            [
              36.143067,
              36.200267
            ],
            [
              36.143067,
              36.199427
            ]
          ]
        ]
      },
      "properties": {
        "building_id": "bldg_antakya_000080",
        "height_m": 16.7,
        "height_source": "osm_levels",
        "structural_type": "CR/LFINF+CDM/H:4-7",
        "structural_type_source": "assumed_default_for_region",
        "pga_g": 0.4551,
        "damage_state_probs": {
          "none": 0.0132,
          "slight": 0.1754,
          "moderate": 0.3468,
          "extensive": 0.2435,
          "collapse": 0.2211
        },
        "predicted_damage_state": "moderate",
        "ground_truth_damage_state": "extensive"
      }
    },
    {
      "type": "Feature",
      "geometry": {
        "type": "Polygon",
        "coordinates": [
          [
            [
              36.145733,
              36.1984
            ],
            [
              36.1476,
              36.1984
            ],
            [
              36.1476,
              36.19924
            ],
            [
              36.145733,
              36.19924
            ],
            [
              36.145733,
              36.1984
            ]
          ]
        ]
      },
      "properties": {
        "building_id": "bldg_antakya_000081",
        "height_m": 19.1,
        "height_source": "osm_levels",
        "structural_type": "CR/LFINF+CDM/H:4-7",
        "structural_type_source": "assumed_default_for_region",
        "pga_g": 0.458,
        "damage_state_probs": {
          "none": 0.0128,
          "slight": 0.1727,
          "moderate": 0.3457,
          "extensive": 0.2448,
          "collapse": 0.224
        },
        "predicted_damage_state": "moderate",
        "ground_truth_damage_state": "moderate"
      }
    },
    {
      "type": "Feature",
      "geometry": {
        "type": "Polygon",
        "coordinates": [
          [
            [
              36.145733,
              36.199427
            ],
            [
              36.1476,
              36.199427
            ],
            [
              36.1476,
              36.200267
            ],
            [
              36.145733,
              36.200267
            ],
            [
              36.145733,
              36.199427
            ]
          ]
        ]
      },
      "properties": {
        "building_id": "bldg_antakya_000082",
        "height_m": 5.1,
        "height_source": "google_open_buildings",
        "structural_type": "CR/LFINF+CDM/H:1-3",
        "structural_type_source": "assumed_default_for_region",
        "pga_g": 0.4574,
        "damage_state_probs": {
          "none": 0.0311,
          "slight": 0.2269,
          "moderate": 0.3627,
          "extensive": 0.2091,
          "collapse": 0.1702
        },
        "predicted_damage_state": "moderate",
        "ground_truth_damage_state": "moderate"
      }
    },
    {
      "type": "Feature",
      "geometry": {
        "type": "Polygon",
        "coordinates": [
          [
            [
              36.1484,
              36.1984
            ],
            [
              36.150267,
              36.1984
            ],
            [
              36.150267,
              36.19924
            ],
            [
              36.1484,
              36.19924
            ],
            [
              36.1484,
              36.1984
            ]
          ]
        ]
      },
      "properties": {
        "building_id": "bldg_antakya_000083",
        "height_m": 16.4,
        "height_source": "osm_levels",
        "structural_type": "CR/LFINF+CDM/H:4-7",
        "structural_type_source": "assumed_default_for_region",
        "pga_g": 0.4602,
        "damage_state_probs": {
          "none": 0.0125,
          "slight": 0.1707,
          "moderate": 0.3448,
          "extensive": 0.2458,
          "collapse": 0.2262
        },
        "predicted_damage_state": "moderate",
        "ground_truth_damage_state": "moderate"
      }
    },
    {
      "type": "Feature",
      "geometry": {
        "type": "Polygon",
        "coordinates": [
          [
            [
              36.1484,
              36.199427
            ],
            [
              36.150267,
              36.199427
            ],
            [
              36.150267,
              36.200267
            ],
            [
              36.1484,
              36.200267
            ],
            [
              36.1484,
              36.199427
            ]
          ]
        ]
      },
      "properties": {
        "building_id": "bldg_antakya_000084",
        "height_m": 23.9,
        "height_source": "osm_levels",
        "structural_type": "CR/LFINF+CDM/H:8+",
        "structural_type_source": "assumed_default_for_region",
        "pga_g": 0.4595,
        "damage_state_probs": {
          "none": 0.0036,
          "slight": 0.1152,
          "moderate": 0.3216,
          "extensive": 0.2863,
          "collapse": 0.2733
        },
        "predicted_damage_state": "moderate",
        "ground_truth_damage_state": "extensive"
      }
    },
    {
      "type": "Feature",
      "geometry": {
        "type": "Polygon",
        "coordinates": [
          [
            [
              36.153733,
              36.1984
            ],
            [
              36.1556,
              36.1984
            ],
            [
              36.1556,
              36.19924
            ],
            [
              36.153733,
              36.19924
            ],
            [
              36.153733,
              36.1984
            ]
          ]
        ]
      },
      "properties": {
        "building_id": "bldg_antakya_000085",
        "height_m": 5.1,
        "height_source": "google_open_buildings",
        "structural_type": "URM/LWAL/H:1-2",
        "structural_type_source": "assumed_default_for_region",
        "pga_g": 0.4642,
        "damage_state_probs": {
          "none": 0.0026,
          "slight": 0.0776,
          "moderate": 0.2517,
          "extensive": 0.2637,
          "collapse": 0.4043
        },
        "predicted_damage_state": "collapse",
        "ground_truth_damage_state": "collapse"
      }
    },
    {
      "type": "Feature",
      "geometry": {
        "type": "Polygon",
        "coordinates": [
          [
            [
              36.153733,
              36.199427
            ],
            [
              36.1556,
              36.199427
            ],
            [
              36.1556,
              36.200267
            ],
            [
              36.153733,
              36.200267
            ],
            [
              36.153733,
              36.199427
            ]
          ]
        ]
      },
      "properties": {
        "building_id": "bldg_antakya_000086",
        "height_m": 19.5,
        "height_source": "osm_levels",
        "structural_type": "CR/LFINF+CDM/H:4-7",
        "structural_type_source": "assumed_default_for_region",
        "pga_g": 0.4636,
        "damage_state_probs": {
          "none": 0.012,
          "slight": 0.1676,
          "moderate": 0.3435,
          "extensive": 0.2473,
          "collapse": 0.2296
        },
        "predicted_damage_state": "moderate",
        "ground_truth_damage_state": "moderate"
      }
    },
    {
      "type": "Feature",
      "geometry": {
        "type": "Polygon",
        "coordinates": [
          [
            [
              36.1564,
              36.1984
            ],
            [
              36.158267,
              36.1984
            ],
            [
              36.158267,
              36.19924
            ],
            [
              36.1564,
              36.19924
            ],
            [
              36.1564,
              36.1984
            ]
          ]
        ]
      },
      "properties": {
        "building_id": "bldg_antakya_000087",
        "height_m": 5.2,
        "height_source": "google_open_buildings",
        "structural_type": "CR/LFINF+CDM/H:1-3",
        "structural_type_source": "assumed_default_for_region",
        "pga_g": 0.4661,
        "damage_state_probs": {
          "none": 0.0285,
          "slight": 0.2185,
          "moderate": 0.3616,
          "extensive": 0.2137,
          "collapse": 0.1776
        },
        "predicted_damage_state": "moderate",
        "ground_truth_damage_state": "moderate"
      }
    },
    {
      "type": "Feature",
      "geometry": {
        "type": "Polygon",
        "coordinates": [
          [
            [
              36.1564,
              36.199427
            ],
            [
              36.158267,
              36.199427
            ],
            [
              36.158267,
              36.200267
            ],
            [
              36.1564,
              36.200267
            ],
            [
              36.1564,
              36.199427
            ]
          ]
        ]
      },
      "properties": {
        "building_id": "bldg_antakya_000088",
        "height_m": 13.5,
        "height_source": "osm_levels",
        "structural_type": "CR/LFINF+CDM/H:4-7",
        "structural_type_source": "assumed_default_for_region",
        "pga_g": 0.4655,
        "damage_state_probs": {
          "none": 0.0118,
          "slight": 0.1659,
          "moderate": 0.3427,
          "extensive": 0.2481,
          "collapse": 0.2315
        },
        "predicted_damage_state": "moderate",
        "ground_truth_damage_state": "moderate"
      }
    },
    {
      "type": "Feature",
      "geometry": {
        "type": "Polygon",
        "coordinates": [
          [
            [
              36.159067,
              36.1984
            ],
            [
              36.160933,
              36.1984
            ],
            [
              36.160933,
              36.19924
            ],
            [
              36.159067,
              36.19924
            ],
            [
              36.159067,
              36.1984
            ]
          ]
        ]
      },
      "properties": {
        "building_id": "bldg_antakya_000089",
        "height_m": 29.9,
        "height_source": "assumed_regional_average",
        "structural_type": "CR/LFINF+CDM/H:8+",
        "structural_type_source": "assumed_default_for_region",
        "pga_g": 0.4679,
        "damage_state_probs": {
          "none": 0.0032,
          "slight": 0.1092,
          "moderate": 0.3162,
          "extensive": 0.2888,
          "collapse": 0.2826
        },
        "predicted_damage_state": "moderate",
        "ground_truth_damage_state": "extensive"
      }
    },
    {
      "type": "Feature",
      "geometry": {
        "type": "Polygon",
        "coordinates": [
          [
            [
              36.159067,
              36.199427
            ],
            [
              36.160933,
              36.199427
            ],
            [
              36.160933,
              36.200267
            ],
            [
              36.159067,
              36.200267
            ],
            [
              36.159067,
              36.199427
            ]
          ]
        ]
      },
      "properties": {
        "building_id": "bldg_antakya_000090",
        "height_m": 21.3,
        "height_source": "osm_levels",
        "structural_type": "CR/LFINF+CDM/H:4-7",
        "structural_type_source": "assumed_default_for_region",
        "pga_g": 0.4673,
        "damage_state_probs": {
          "none": 0.0115,
          "slight": 0.1643,
          "moderate": 0.342,
          "extensive": 0.2488,
          "collapse": 0.2334
        },
        "predicted_damage_state": "moderate",
        "ground_truth_damage_state": "moderate"
      }
    },
    {
      "type": "Feature",
      "geometry": {
        "type": "Polygon",
        "coordinates": [
          [
            [
              36.161733,
              36.1984
            ],
            [
              36.1636,
              36.1984
            ],
            [
              36.1636,
              36.19924
            ],
            [
              36.161733,
              36.19924
            ],
            [
              36.161733,
              36.1984
            ]
          ]
        ]
      },
      "properties": {
        "building_id": "bldg_antakya_000091",
        "height_m": 6.0,
        "height_source": "google_open_buildings",
        "structural_type": "CR/LFINF+CDM/H:1-3",
        "structural_type_source": "assumed_default_for_region",
        "pga_g": 0.4696,
        "damage_state_probs": {
          "none": 0.0276,
          "slight": 0.2152,
          "moderate": 0.3611,
          "extensive": 0.2155,
          "collapse": 0.1807
        },
        "predicted_damage_state": "moderate",
        "ground_truth_damage_state": "moderate"
      }
    },
    {
      "type": "Feature",
      "geometry": {
        "type": "Polygon",
        "coordinates": [
          [
            [
              36.161733,
              36.199427
            ],
            [
              36.1636,
              36.199427
            ],
            [
              36.1636,
              36.200267
            ],
            [
              36.161733,
              36.200267
            ],
            [
              36.161733,
              36.199427
            ]
          ]
        ]
      },
      "properties": {
        "building_id": "bldg_antakya_000092",
        "height_m": 35.2,
        "height_source": "assumed_regional_average",
        "structural_type": "CR/LFINF+CDM/H:8+",
        "structural_type_source": "assumed_default_for_region",
        "pga_g": 0.469,
        "damage_state_probs": {
          "none": 0.0032,
          "slight": 0.1084,
          "moderate": 0.3155,
          "extensive": 0.2891,
          "collapse": 0.2838
        },
        "predicted_damage_state": "moderate",
        "ground_truth_damage_state": "extensive"
      }
    },
    {
      "type": "Feature",
      "geometry": {
        "type": "Polygon",
        "coordinates": [
          [
            [
              36.1644,
              36.1984
            ],
            [
              36.166267,
              36.1984
            ],
            [
              36.166267,
              36.19924
            ],
            [
              36.1644,
              36.19924
            ],
            [
              36.1644,
              36.1984
            ]
          ]
        ]
      },
      "properties": {
        "building_id": "bldg_antakya_000093",
        "height_m": 19.0,
        "height_source": "osm_levels",
        "structural_type": "CR/LFINF+CDM/H:4-7",
        "structural_type_source": "assumed_default_for_region",
        "pga_g": 0.4712,
        "damage_state_probs": {
          "none": 0.011,
          "slight": 0.161,
          "moderate": 0.3403,
          "extensive": 0.2504,
          "collapse": 0.2373
        },
        "predicted_damage_state": "moderate",
        "ground_truth_damage_state": "moderate"
      }
    },
    {
      "type": "Feature",
      "geometry": {
        "type": "Polygon",
        "coordinates": [
          [
            [
              36.1644,
              36.199427
            ],
            [
              36.166267,
              36.199427
            ],
            [
              36.166267,
              36.200267
            ],
            [
              36.1644,
              36.200267
            ],
            [
              36.1644,
              36.199427
            ]
          ]
        ]
      },
      "properties": {
        "building_id": "bldg_antakya_000094",
        "height_m": 13.3,
        "height_source": "osm_levels",
        "structural_type": "CR/LFINF+CDM/H:4-7",
        "structural_type_source": "assumed_default_for_region",
        "pga_g": 0.4707,
        "damage_state_probs": {
          "none": 0.0111,
          "slight": 0.1614,
          "moderate": 0.3405,
          "extensive": 0.2502,
          "collapse": 0.2368
        },
        "predicted_damage_state": "moderate",
        "ground_truth_damage_state": "extensive"
      }
    },
    {
      "type": "Feature",
      "geometry": {
        "type": "Polygon",
        "coordinates": [
          [
            [
              36.167067,
              36.1984
            ],
            [
              36.168933,
              36.1984
            ],
            [
              36.168933,
              36.19924
            ],
            [
              36.167067,
              36.19924
            ],
            [
              36.167067,
              36.1984
            ]
          ]
        ]
      },
      "properties": {
        "building_id": "bldg_antakya_000095",
        "height_m": 12.4,
        "height_source": "osm_levels",
        "structural_type": "CR/LFINF+CDM/H:4-7",
        "structural_type_source": "assumed_default_for_region",
        "pga_g": 0.4727,
        "damage_state_probs": {
          "none": 0.0108,
          "slight": 0.1597,
          "moderate": 0.3397,
          "extensive": 0.251,
          "collapse": 0.2388
        },
        "predicted_damage_state": "moderate",
        "ground_truth_damage_state": "moderate"
      }
    },
    {
      "type": "Feature",
      "geometry": {
        "type": "Polygon",
        "coordinates": [
          [
            [
              36.167067,
              36.199427
            ],
            [
              36.168933,
              36.199427
            ],
            [
              36.168933,
              36.200267
            ],
            [
              36.167067,
              36.200267
            ],
            [
              36.167067,
              36.199427
            ]
          ]
        ]
      },
      "properties": {
        "building_id": "bldg_antakya_000096",
        "height_m": 17.9,
        "height_source": "osm_levels",
        "structural_type": "CR/LFINF+CDM/H:4-7",
        "structural_type_source": "assumed_default_for_region",
        "pga_g": 0.4722,
        "damage_state_probs": {
          "none": 0.0109,
          "slight": 0.1601,
          "moderate": 0.3399,
          "extensive": 0.2508,
          "collapse": 0.2383
        },
        "predicted_damage_state": "moderate",
        "ground_truth_damage_state": "moderate"
      }
    },
    {
      "type": "Feature",
      "geometry": {
        "type": "Polygon",
        "coordinates": [
          [
            [
              36.1724,
              36.1984
            ],
            [
              36.174267,
              36.1984
            ],
            [
              36.174267,
              36.19924
            ],
            [
              36.1724,
              36.19924
            ],
            [
              36.1724,
              36.1984
            ]
          ]
        ]
      },
      "properties": {
        "building_id": "bldg_antakya_000097",
        "height_m": 16.7,
        "height_source": "osm_levels",
        "structural_type": "CR/LFINF+CDM/H:4-7",
        "structural_type_source": "assumed_default_for_region",
        "pga_g": 0.4754,
        "damage_state_probs": {
          "none": 0.0105,
          "slight": 0.1574,
          "moderate": 0.3385,
          "extensive": 0.2521,
          "collapse": 0.2415
        },
        "predicted_damage_state": "moderate",
        "ground_truth_damage_state": "moderate"
      }
    },
    {
      "type": "Feature",
      "geometry": {
        "type": "Polygon",
        "coordinates": [
          [
            [
              36.1724,
              36.199427
            ],
            [
              36.174267,
              36.199427
            ],
            [
              36.174267,
              36.200267
            ],
            [
              36.1724,
              36.200267
            ],
            [
              36.1724,
              36.199427
            ]
          ]
        ]
      },
      "properties": {
        "building_id": "bldg_antakya_000098",
        "height_m": 14.5,
        "height_source": "osm_levels",
        "structural_type": "CR/LFINF+CDM/H:4-7",
        "structural_type_source": "assumed_default_for_region",
        "pga_g": 0.475,
        "damage_state_probs": {
          "none": 0.0106,
          "slight": 0.1577,
          "moderate": 0.3387,
          "extensive": 0.2519,
          "collapse": 0.2411
        },
        "predicted_damage_state": "moderate",
        "ground_truth_damage_state": "moderate"
      }
    },
    {
      "type": "Feature",
      "geometry": {
        "type": "Polygon",
        "coordinates": [
          [
            [
              36.175067,
              36.1984
            ],
            [
              36.176933,
              36.1984
            ],
            [
              36.176933,
              36.19924
            ],
            [
              36.175067,
              36.19924
            ],
            [
              36.175067,
              36.1984
            ]
          ]
        ]
      },
      "properties": {
        "building_id": "bldg_antakya_000099",
        "height_m": 35.9,
        "height_source": "assumed_regional_average",
        "structural_type": "CR/LFINF+CDM/H:8+",
        "structural_type_source": "assumed_default_for_region",
        "pga_g": 0.4766,
        "damage_state_probs": {
          "none": 0.0029,
          "slight": 0.1032,
          "moderate": 0.3104,
          "extensive": 0.2912,
          "collapse": 0.2923
        },
        "predicted_damage_state": "moderate",
        "ground_truth_damage_state": "moderate"
      }
    },
    {
      "type": "Feature",
      "geometry": {
        "type": "Polygon",
        "coordinates": [
          [
            [
              36.175067,
              36.199427
            ],
            [
              36.176933,
              36.199427
            ],
            [
              36.176933,
              36.200267
            ],
            [
              36.175067,
              36.200267
            ],
            [
              36.175067,
              36.199427
            ]
          ]
        ]
      },
      "properties": {
        "building_id": "bldg_antakya_000100",
        "height_m": 16.3,
        "height_source": "osm_levels",
        "structural_type": "CR/LFINF+CDM/H:4-7",
        "structural_type_source": "assumed_default_for_region",
        "pga_g": 0.4762,
        "damage_state_probs": {
          "none": 0.0104,
          "slight": 0.1567,
          "moderate": 0.3381,
          "extensive": 0.2524,
          "collapse": 0.2423
        },
        "predicted_damage_state": "moderate",
        "ground_truth_damage_state": "extensive"
      }
    },
    {
      "type": "Feature",
      "geometry": {
        "type": "Polygon",
        "coordinates": [
          [
            [
              36.177733,
              36.1984
            ],
            [
              36.1796,
              36.1984
            ],
            [
              36.1796,
              36.19924
            ],
            [
              36.177733,
              36.19924
            ],
            [
              36.177733,
              36.1984
            ]
          ]
        ]
      },
      "properties": {
        "building_id": "bldg_antakya_000101",
        "height_m": 4.9,
        "height_source": "google_open_buildings",
        "structural_type": "CR/LFINF+CDM/H:1-3",
        "structural_type_source": "assumed_default_for_region",
        "pga_g": 0.4776,
        "damage_state_probs": {
          "none": 0.0255,
          "slight": 0.2078,
          "moderate": 0.3597,
          "extensive": 0.2194,
          "collapse": 0.1876
        },
        "predicted_damage_state": "moderate",
        "ground_truth_damage_state": "moderate"
      }
    },
    {
      "type": "Feature",
      "geometry": {
        "type": "Polygon",
        "coordinates": [
          [
            [
              36.177733,
              36.199427
            ],
            [
              36.1796,
              36.199427
            ],
            [
              36.1796,
              36.200267
            ],
            [
              36.177733,
              36.200267
            ],
            [
              36.177733,
              36.199427
            ]
          ]
        ]
      },
      "properties": {
        "building_id": "bldg_antakya_000102",
        "height_m": 15.3,
        "height_source": "osm_levels",
        "structural_type": "CR/LFINF+CDM/H:4-7",
        "structural_type_source": "assumed_default_for_region",
        "pga_g": 0.4773,
        "damage_state_probs": {
          "none": 0.0103,
          "slight": 0.1558,
          "moderate": 0.3377,
          "extensive": 0.2528,
          "collapse": 0.2434
        },
        "predicted_damage_state": "moderate",
        "ground_truth_damage_state": "moderate"
      }
    },
    {
      "type": "Feature",
      "geometry": {
        "type": "Polygon",
        "coordinates": [
          [
            [
              36.1404,
              36.201067
            ],
            [
              36.142267,
              36.201067
            ],
            [
              36.142267,
              36.201907
            ],
            [
              36.1404,
              36.201907
            ],
            [
              36.1404,
              36.201067
            ]
          ]
        ]
      },
      "properties": {
        "building_id": "bldg_antakya_000103",
        "height_m": 18.3,
        "height_source": "osm_levels",
        "structural_type": "CR/LFINF+CDM/H:4-7",
        "structural_type_source": "assumed_default_for_region",
        "pga_g": 0.4517,
        "damage_state_probs": {
          "none": 0.0137,
          "slight": 0.1785,
          "moderate": 0.3481,
          "extensive": 0.242,
          "collapse": 0.2177
        },
        "predicted_damage_state": "moderate",
        "ground_truth_damage_state": "extensive"
      }
    },
    {
      "type": "Feature",
      "geometry": {
        "type": "Polygon",
        "coordinates": [
          [
            [
              36.1404,
              36.202093
            ],
            [
              36.142267,
              36.202093
            ],
            [
              36.142267,
              36.202933
            ],
            [
              36.1404,
              36.202933
            ],
            [
              36.1404,
              36.202093
            ]
          ]
        ]
      },
      "properties": {
        "building_id": "bldg_antakya_000104",
        "height_m": 15.0,
        "height_source": "osm_levels",
        "structural_type": "CR/LFINF+CDM/H:4-7",
        "structural_type_source": "assumed_default_for_region",
        "pga_g": 0.4509,
        "damage_state_probs": {
          "none": 0.0139,
          "slight": 0.1793,
          "moderate": 0.3483,
          "extensive": 0.2416,
          "collapse": 0.2169
        },
        "predicted_damage_state": "moderate",
        "ground_truth_damage_state": "moderate"
      }
    },
    {
      "type": "Feature",
      "geometry": {
        "type": "Polygon",
        "coordinates": [
          [
            [
              36.143067,
              36.201067
            ],
            [
              36.144933,
              36.201067
            ],
            [
              36.144933,
              36.201907
            ],
            [
              36.143067,
              36.201907
            ],
            [
              36.143067,
              36.201067
            ]
          ]
        ]
      },
      "properties": {
        "building_id": "bldg_antakya_000105",
        "height_m": 18.9,
        "height_source": "osm_levels",
        "structural_type": "CR/LFINF+CDM/H:4-7",
        "structural_type_source": "assumed_default_for_region",
        "pga_g": 0.454,
        "damage_state_probs": {
          "none": 0.0134,
          "slight": 0.1764,
          "moderate": 0.3472,
          "extensive": 0.243,
          "collapse": 0.22
        },
        "predicted_damage_state": "moderate",
        "ground_truth_damage_state": "moderate"
      }
    },
    {
      "type": "Feature",
      "geometry": {
        "type": "Polygon",
        "coordinates": [
          [
            [
              36.143067,
              36.202093
            ],
            [
              36.144933,
              36.202093
            ],
            [
              36.144933,
              36.202933
            ],
            [
              36.143067,
              36.202933
            ],
            [
              36.143067,
              36.202093
            ]
          ]
        ]
      },
      "properties": {
        "building_id": "bldg_antakya_000106",
        "height_m": 25.9,
        "height_source": "assumed_regional_average",
        "structural_type": "CR/LFINF+CDM/H:8+",
        "structural_type_source": "assumed_default_for_region",
        "pga_g": 0.4533,
        "damage_state_probs": {
          "none": 0.0039,
          "slight": 0.1199,
          "moderate": 0.3256,
          "extensive": 0.2843,
          "collapse": 0.2663
        },
        "predicted_damage_state": "moderate",
        "ground_truth_damage_state": "moderate"
      }
    },
    {
      "type": "Feature",
      "geometry": {
        "type": "Polygon",
        "coordinates": [
          [
            [
              36.145733,
              36.201067
            ],
            [
              36.1476,
              36.201067
            ],
            [
              36.1476,
              36.201907
            ],
            [
              36.145733,
              36.201907
            ],
            [
              36.145733,
              36.201067
            ]
          ]
        ]
      },
      "properties": {
        "building_id": "bldg_antakya_000107",
        "height_m": 5.4,
        "height_source": "google_open_buildings",
        "structural_type": "CR/LFINF+CDM/H:1-3",
        "structural_type_source": "assumed_default_for_region",
        "pga_g": 0.4562,
        "damage_state_probs": {
          "none": 0.0314,
          "slight": 0.2281,
          "moderate": 0.3628,
          "extensive": 0.2085,
          "collapse": 0.1692
        },
        "predicted_damage_state": "moderate",
        "ground_truth_damage_state": "moderate"
      }
    },
    {
      "type": "Feature",
      "geometry": {
        "type": "Polygon",
        "coordinates": [
          [
            [
              36.145733,
              36.202093
            ],
            [
              36.1476,
              36.202093
            ],
            [
              36.1476,
              36.202933
            ],
            [
              36.145733,
              36.202933
            ],
            [
              36.145733,
              36.202093
            ]
          ]
        ]
      },
      "properties": {
        "building_id": "bldg_antakya_000108",
        "height_m": 12.7,
        "height_source": "osm_levels",
        "structural_type": "CR/LFINF+CDM/H:4-7",
        "structural_type_source": "assumed_default_for_region",
        "pga_g": 0.4555,
        "damage_state_probs": {
          "none": 0.0132,
          "slight": 0.175,
          "moderate": 0.3466,
          "extensive": 0.2437,
          "collapse": 0.2215
        },
        "predicted_damage_state": "moderate",
        "ground_truth_damage_state": "moderate"
      }
    },
    {
      "type": "Feature",
      "geometry": {
        "type": "Polygon",
        "coordinates": [
          [
            [
              36.151067,
              36.201067
            ],
            [
              36.152933,
              36.201067
            ],
            [
              36.152933,
              36.201907
            ],
            [
              36.151067,
              36.201907
            ],
            [
              36.151067,
              36.201067
            ]
          ]
        ]
      },
      "properties": {
        "building_id": "bldg_antakya_000109",
        "height_m": 19.5,
        "height_source": "osm_levels",
        "structural_type": "CR/LFINF+CDM/H:4-7",
        "structural_type_source": "assumed_default_for_region",
        "pga_g": 0.4606,
        "damage_state_probs": {
          "none": 0.0124,
          "slight": 0.1703,
          "moderate": 0.3447,
          "extensive": 0.246,
          "collapse": 0.2266
        },
        "predicted_damage_state": "moderate",
        "ground_truth_damage_state": "moderate"
      }
    },
    {
      "type": "Feature",
      "geometry": {
        "type": "Polygon",
        "coordinates": [
          [
            [
              36.151067,
              36.202093
            ],
            [
              36.152933,
              36.202093
            ],
            [
              36.152933,
              36.202933
            ],
            [
              36.151067,
              36.202933
            ],
            [
              36.151067,
              36.202093
            ]
          ]
        ]
      },
      "properties": {
        "building_id": "bldg_antakya_000110",
        "height_m": 15.7,
        "height_source": "osm_levels",
        "structural_type": "CR/LFINF+CDM/H:4-7",
        "structural_type_source": "assumed_default_for_region",
        "pga_g": 0.4599,
        "damage_state_probs": {
          "none": 0.0125,
          "slight": 0.1709,
          "moderate": 0.3449,
          "extensive": 0.2457,
          "collapse": 0.2259
        },
        "predicted_damage_state": "moderate",
        "ground_truth_damage_state": "moderate"
      }
    },
    {
      "type": "Feature",
      "geometry": {
        "type": "Polygon",
        "coordinates": [
          [
            [
              36.153733,
              36.201067
            ],
            [
              36.1556,
              36.201067
            ],
            [
              36.1556,
              36.201907
            ],
            [
              36.153733,
              36.201907
            ],
            [
              36.153733,
              36.201067
            ]
          ]
        ]
      },
      "properties": {
        "building_id": "bldg_antakya_000111",
        "height_m": 15.5,
        "height_source": "osm_levels",
        "structural_type": "CR/LFINF+CDM/H:4-7",
        "structural_type_source": "assumed_default_for_region",
        "pga_g": 0.4626,
        "damage_state_probs": {
          "none": 0.0121,
          "slight": 0.1685,
          "moderate": 0.3439,
          "extensive": 0.2468,
          "collapse": 0.2286
        },
        "predicted_damage_state": "moderate",
        "ground_truth_damage_state": "moderate"
      }
    },
    {
      "type": "Feature",
      "geometry": {
        "type": "Polygon",
        "coordinates": [
          [
            [
              36.153733,
              36.202093
            ],
            [
              36.1556,
              36.202093
            ],
            [
              36.1556,
              36.202933
            ],
            [
              36.153733,
              36.202933
            ],
            [
              36.153733,
              36.202093
            ]
          ]
        ]
      },
      "properties": {
        "building_id": "bldg_antakya_000112",
        "height_m": 17.6,
        "height_source": "osm_levels",
        "structural_type": "CR/LFINF+CDM/H:4-7",
        "structural_type_source": "assumed_default_for_region",
        "pga_g": 0.462,
        "damage_state_probs": {
          "none": 0.0122,
          "slight": 0.1691,
          "moderate": 0.3441,
          "extensive": 0.2466,
          "collapse": 0.228
        },
        "predicted_damage_state": "moderate",
        "ground_truth_damage_state": "moderate"
      }
    },
    {
      "type": "Feature",
      "geometry": {
        "type": "Polygon",
        "coordinates": [
          [
            [
              36.1564,
              36.201067
            ],
            [
              36.158267,
              36.201067
            ],
            [
              36.158267,
              36.201907
            ],
            [
              36.1564,
              36.201907
            ],
            [
              36.1564,
              36.201067
            ]
          ]
        ]
      },
      "properties": {
        "building_id": "bldg_antakya_000113",
        "height_m": 16.3,
        "height_source": "osm_levels",
        "structural_type": "CR/LFINF+CDM/H:4-7",
        "structural_type_source": "assumed_default_for_region",
        "pga_g": 0.4645,
        "damage_state_probs": {
          "none": 0.0119,
          "slight": 0.1668,
          "moderate": 0.3431,
          "extensive": 0.2477,
          "collapse": 0.2305
        },
        "predicted_damage_state": "moderate",
        "ground_truth_damage_state": "moderate"
      }
    },
    {
      "type": "Feature",
      "geometry": {
        "type": "Polygon",
        "coordinates": [
          [
            [
              36.1564,
              36.202093
            ],
            [
              36.158267,
              36.202093
            ],
            [
              36.158267,
              36.202933
            ],
            [
              36.1564,
              36.202933
            ],
            [
              36.1564,
              36.202093
            ]
          ]
        ]
      },
      "properties": {
        "building_id": "bldg_antakya_000114",
        "height_m": 14.4,
        "height_source": "osm_levels",
        "structural_type": "CR/LFINF+CDM/H:4-7",
        "structural_type_source": "assumed_default_for_region",
        "pga_g": 0.4639,
        "damage_state_probs": {
          "none": 0.012,
          "slight": 0.1673,
          "moderate": 0.3434,
          "extensive": 0.2474,
          "collapse": 0.2299
        },
        "predicted_damage_state": "moderate",
        "ground_truth_damage_state": "moderate"
      }
    },
    {
      "type": "Feature",
      "geometry": {
        "type": "Polygon",
        "coordinates": [
          [
            [
              36.159067,
              36.201067
            ],
            [
              36.160933,
              36.201067
            ],
            [
              36.160933,
              36.201907
            ],
            [
              36.159067,
              36.201907
            ],
            [
              36.159067,
              36.201067
            ]
          ]
        ]
      },
      "properties": {
        "building_id": "bldg_antakya_000115",
        "height_m": 19.8,
        "height_source": "osm_levels",
        "structural_type": "CR/LFINF+CDM/H:4-7",
        "structural_type_source": "assumed_default_for_region",
        "pga_g": 0.4664,
        "damage_state_probs": {
          "none": 0.0116,
          "slight": 0.1651,
          "moderate": 0.3423,
          "extensive": 0.2485,
          "collapse": 0.2324
        },
        "predicted_damage_state": "moderate",
        "ground_truth_damage_state": "moderate"
      }
    },
    {
      "type": "Feature",
      "geometry": {
        "type": "Polygon",
        "coordinates": [
          [
            [
              36.159067,
              36.202093
            ],
            [
              36.160933,
              36.202093
            ],
            [
              36.160933,
              36.202933
            ],
            [
              36.159067,
              36.202933
            ],
            [
              36.159067,
              36.202093
            ]
          ]
        ]
      },
      "properties": {
        "building_id": "bldg_antakya_000116",
        "height_m": 16.5,
        "height_source": "osm_levels",
        "structural_type": "CR/LFINF+CDM/H:4-7",
        "structural_type_source": "assumed_default_for_region",
        "pga_g": 0.4658,
        "damage_state_probs": {
          "none": 0.0117,
          "slight": 0.1657,
          "moderate": 0.3426,
          "extensive": 0.2482,
          "collapse": 0.2318
        },
        "predicted_damage_state": "moderate",
        "ground_truth_damage_state": "moderate"
      }
    },
    {
      "type": "Feature",
      "geometry": {
        "type": "Polygon",
        "coordinates": [
          [
            [
              36.161733,
              36.201067
            ],
            [
              36.1636,
              36.201067
            ],
            [
              36.1636,
              36.201907
            ],
            [
              36.161733,
              36.201907
            ],
            [
              36.161733,
              36.201067
            ]
          ]
        ]
      },
      "properties": {
        "building_id": "bldg_antakya_000117",
        "height_m": 5.2,
        "height_source": "google_open_buildings",
        "structural_type": "CR/LFINF+CDM/H:1-3",
        "structural_type_source": "assumed_default_for_region",
        "pga_g": 0.4682,
        "damage_state_probs": {
          "none": 0.0279,
          "slight": 0.2165,
          "moderate": 0.3613,
          "extensive": 0.2148,
          "collapse": 0.1795
        },
        "predicted_damage_state": "moderate",
        "ground_truth_damage_state": "moderate"
      }
    },
    {
      "type": "Feature",
      "geometry": {
        "type": "Polygon",
        "coordinates": [
          [
            [
              36.161733,
              36.202093
            ],
            [
              36.1636,
              36.202093
            ],
            [
              36.1636,
              36.202933
            ],
            [
              36.161733,
              36.202933
            ],
            [
              36.161733,
              36.202093
            ]
          ]
        ]
      },
      "properties": {
        "building_id": "bldg_antakya_000118",
        "height_m": 25.8,
        "height_source": "assumed_regional_average",
        "structural_type": "CR/LFINF+CDM/H:8+",
        "structural_type_source": "assumed_default_for_region",
        "pga_g": 0.4676,
        "damage_state_probs": {
          "none": 0.0033,
          "slight": 0.1094,
          "moderate": 0.3164,
          "extensive": 0.2887,
          "collapse": 0.2823
        },
        "predicted_damage_state": "moderate",
        "ground_truth_damage_state": "moderate"
      }
    },
    {
      "type": "Feature",
      "geometry": {
        "type": "Polygon",
        "coordinates": [
          [
            [
              36.1644,
              36.201067
            ],
            [
              36.166267,
              36.201067
            ],
            [
              36.166267,
              36.201907
            ],
            [
              36.1644,
              36.201907
            ],
            [
              36.1644,
              36.201067
            ]
          ]
        ]
      },
      "properties": {
        "building_id": "bldg_antakya_000119",
        "height_m": 13.6,
        "height_source": "osm_levels",
        "structural_type": "CR/LFINF+CDM/H:4-7",
        "structural_type_source": "assumed_default_for_region",
        "pga_g": 0.4699,
        "damage_state_probs": {
          "none": 0.0112,
          "slight": 0.1621,
          "moderate": 0.3409,
          "extensive": 0.2499,
          "collapse": 0.236
        },
        "predicted_damage_state": "moderate",
        "ground_truth_damage_state": "moderate"
      }
    },
    {
      "type": "Feature",
      "geometry": {
        "type": "Polygon",
        "coordinates": [
          [
            [
              36.1644,
              36.202093
            ],
            [
              36.166267,
              36.202093
            ],
            [
              36.166267,
              36.202933
            ],
            [
              36.1644,
              36.202933
            ],
            [
              36.1644,
              36.202093
            ]
          ]
        ]
      },
      "properties": {
        "building_id": "bldg_antakya_000120",
        "height_m": 34.7,
        "height_source": "assumed_regional_average",
        "structural_type": "CR/LFINF+CDM/H:8+",
        "structural_type_source": "assumed_default_for_region",
        "pga_g": 0.4694,
        "damage_state_probs": {
          "none": 0.0032,
          "slight": 0.1081,
          "moderate": 0.3152,
          "extensive": 0.2892,
          "collapse": 0.2843
        },
        "predicted_damage_state": "moderate",
        "ground_truth_damage_state": "moderate"
      }
    },
    {
      "type": "Feature",
      "geometry": {
        "type": "Polygon",
        "coordinates": [
          [
            [
              36.169733,
              36.201067
            ],
            [
              36.1716,
              36.201067
            ],
            [
              36.1716,
              36.201907
            ],
            [
              36.169733,
              36.201907
            ],
            [
              36.169733,
              36.201067
            ]
          ]
        ]
      },
      "properties": {
        "building_id": "bldg_antakya_000121",
        "height_m": 20.2,
        "height_source": "osm_levels",
        "structural_type": "CR/LFINF+CDM/H:4-7",
        "structural_type_source": "assumed_default_for_region",
        "pga_g": 0.4729,
        "damage_state_probs": {
          "none": 0.0108,
          "slight": 0.1595,
          "moderate": 0.3396,
          "extensive": 0.2511,
          "collapse": 0.239
        },
        "predicted_damage_state": "moderate",
        "ground_truth_damage_state": "moderate"
      }
    },
    {
      "type": "Feature",
      "geometry": {
        "type": "Polygon",
        "coordinates": [
          [
            [
              36.169733,
              36.202093
            ],
            [
              36.1716,
              36.202093
            ],
            [
              36.1716,
              36.202933
            ],
            [
              36.169733,
              36.202933
            ],
            [
              36.169733,
              36.202093
            ]
          ]
        ]
      },
      "properties": {
        "building_id": "bldg_antakya_000122",
        "height_m": 5.8,
        "height_source": "google_open_buildings",
        "structural_type": "CR/LFINF+CDM/H:1-3",
        "structural_type_source": "assumed_default_for_region",
        "pga_g": 0.4725,
        "damage_state_probs": {
          "none": 0.0268,
          "slight": 0.2125,
          "moderate": 0.3606,
          "extensive": 0.2169,
          "collapse": 0.1832
        },
        "predicted_damage_state": "moderate",
        "ground_truth_damage_state": "moderate"
      }
    },
    {
      "type": "Feature",
      "geometry": {
        "type": "Polygon",
        "coordinates": [
          [
            [
              36.1724,
              36.201067
            ],
            [
              36.174267,
              36.201067
            ],
            [
              36.174267,
              36.201907
            ],
            [
              36.1724,
              36.201907
            ],
            [
              36.1724,
              36.201067
            ]
          ]
        ]
      },
      "properties": {
        "building_id": "bldg_antakya_000123",
        "height_m": 17.9,
        "height_source": "osm_levels",
        "structural_type": "CR/LFINF+CDM/H:4-7",
        "structural_type_source": "assumed_default_for_region",
        "pga_g": 0.4743,
        "damage_state_probs": {
          "none": 0.0107,
          "slight": 0.1583,
          "moderate": 0.339,
          "extensive": 0.2516,
          "collapse": 0.2404
        },
        "predicted_damage_state": "moderate",
        "ground_truth_damage_state": "extensive"
      }
    },
    {
      "type": "Feature",
      "geometry": {
        "type": "Polygon",
        "coordinates": [
          [
            [
              36.1724,
              36.202093
            ],
            [
              36.174267,
              36.202093
            ],
            [
              36.174267,
              36.202933
            ],
            [
              36.1724,
              36.202933
            ],
            [
              36.1724,
              36.202093
            ]
          ]
        ]
      },
      "properties": {
        "building_id": "bldg_antakya_000124",
        "height_m": 18.0,
        "height_source": "osm_levels",
        "structural_type": "CR/LFINF+CDM/H:4-7",
        "structural_type_source": "assumed_default_for_region",
        "pga_g": 0.4739,
        "damage_state_probs": {
          "none": 0.0107,
          "slight": 0.1586,
          "moderate": 0.3392,
          "extensive": 0.2515,
          "collapse": 0.24
        },
        "predicted_damage_state": "moderate",
        "ground_truth_damage_state": "moderate"
      }
    },
    {
      "type": "Feature",
      "geometry": {
        "type": "Polygon",
        "coordinates": [
          [
            [
              36.175067,
              36.201067
            ],
            [
              36.176933,
              36.201067
            ],
            [
              36.176933,
              36.201907
            ],
            [
              36.175067,
              36.201907
            ],
            [
              36.175067,
              36.201067
            ]
          ]
        ]
      },
      "properties": {
        "building_id": "bldg_antakya_000125",
        "height_m": 19.8,
        "height_source": "osm_levels",
        "structural_type": "CR/LFINF+CDM/H:4-7",
        "structural_type_source": "assumed_default_for_region",
        "pga_g": 0.4756,
        "damage_state_probs": {
          "none": 0.0105,
          "slight": 0.1572,
          "moderate": 0.3384,
          "extensive": 0.2522,
          "collapse": 0.2417
        },
        "predicted_damage_state": "moderate",
        "ground_truth_damage_state": "moderate"
      }
    },
    {
      "type": "Feature",
      "geometry": {
        "type": "Polygon",
        "coordinates": [
          [
            [
              36.175067,
              36.202093
            ],
            [
              36.176933,
              36.202093
            ],
            [
              36.176933,
              36.202933
            ],
            [
              36.175067,
              36.202933
            ],
            [
              36.175067,
              36.202093
            ]
          ]
        ]
      },
      "properties": {
        "building_id": "bldg_antakya_000126",
        "height_m": 23.6,
        "height_source": "osm_levels",
        "structural_type": "CR/LFINF+CDM/H:8+",
        "structural_type_source": "assumed_default_for_region",
        "pga_g": 0.4752,
        "damage_state_probs": {
          "none": 0.003,
          "slight": 0.1042,
          "moderate": 0.3114,
          "extensive": 0.2908,
          "collapse": 0.2907
        },
        "predicted_damage_state": "moderate",
        "ground_truth_damage_state": "moderate"
      }
    },
    {
      "type": "Feature",
      "geometry": {
        "type": "Polygon",
        "coordinates": [
          [
            [
              36.177733,
              36.201067
            ],
            [
              36.1796,
              36.201067
            ],
            [
              36.1796,
              36.201907
            ],
            [
              36.177733,
              36.201907
            ],
            [
              36.177733,
              36.201067
            ]
          ]
        ]
      },
      "properties": {
        "building_id": "bldg_antakya_000127",
        "height_m": 4.7,
        "height_source": "google_open_buildings",
        "structural_type": "URM/LWAL/H:1-2",
        "structural_type_source": "assumed_default_for_region",
        "pga_g": 0.4768,
        "damage_state_probs": {
          "none": 0.0023,
          "slight": 0.0716,
          "moderate": 0.2434,
          "extensive": 0.2637,
          "collapse": 0.4192
        },
        "predicted_damage_state": "collapse",
        "ground_truth_damage_state": "collapse"
      }
    },
    {
      "type": "Feature",
      "geometry": {
        "type": "Polygon",
        "coordinates": [
          [
            [
              36.177733,
              36.202093
            ],
            [
              36.1796,
              36.202093
            ],
            [
              36.1796,
              36.202933
            ],
            [
              36.177733,
              36.202933
            ],
            [
              36.177733,
              36.202093
            ]
          ]
        ]
      },
      "properties": {
        "building_id": "bldg_antakya_000128",
        "height_m": 13.6,
        "height_source": "osm_levels",
        "structural_type": "CR/LFINF+CDM/H:4-7",
        "structural_type_source": "assumed_default_for_region",
        "pga_g": 0.4764,
        "damage_state_probs": {
          "none": 0.0104,
          "slight": 0.1565,
          "moderate": 0.3381,
          "extensive": 0.2525,
          "collapse": 0.2425
        },
        "predicted_damage_state": "moderate",
        "ground_truth_damage_state": "moderate"
      }
    },
    {
      "type": "Feature",
      "geometry": {
        "type": "Polygon",
        "coordinates": [
          [
            [
              36.1404,
              36.203733
            ],
            [
              36.142267,
              36.203733
            ],
            [
              36.142267,
              36.204573
            ],
            [
              36.1404,
              36.204573
            ],
            [
              36.1404,
              36.203733
            ]
          ]
        ]
      },
      "properties": {
        "building_id": "bldg_antakya_000129",
        "height_m": 16.3,
        "height_source": "osm_levels",
        "structural_type": "CR/LFINF+CDM/H:4-7",
        "structural_type_source": "assumed_default_for_region",
        "pga_g": 0.4497,
        "damage_state_probs": {
          "none": 0.014,
          "slight": 0.1804,
          "moderate": 0.3488,
          "extensive": 0.2411,
          "collapse": 0.2157
        },
        "predicted_damage_state": "moderate",
        "ground_truth_damage_state": "extensive"
      }
    },
    {
      "type": "Feature",
      "geometry": {
        "type": "Polygon",
        "coordinates": [
          [
            [
              36.1404,
              36.20476
            ],
            [
              36.142267,
              36.20476
            ],
            [
              36.142267,
              36.2056
            ],
            [
              36.1404,
              36.2056
            ],
            [
              36.1404,
              36.20476
            ]
          ]
        ]
      },
      "properties": {
        "building_id": "bldg_antakya_000130",
        "height_m": 15.8,
        "height_source": "osm_levels",
        "structural_type": "CR/LFINF+CDM/H:4-7",
        "structural_type_source": "assumed_default_for_region",
        "pga_g": 0.449,
        "damage_state_probs": {
          "none": 0.0142,
          "slight": 0.1811,
          "moderate": 0.349,
          "extensive": 0.2407,
          "collapse": 0.215
        },
        "predicted_damage_state": "moderate",
        "ground_truth_damage_state": "extensive"
      }
    },
    {
      "type": "Feature",
      "geometry": {
        "type": "Polygon",
        "coordinates": [
          [
            [
              36.143067,
              36.203733
            ],
            [
              36.144933,
              36.203733
            ],
            [
              36.144933,
              36.204573
            ],
            [
              36.143067,
              36.204573
            ],
            [
              36.143067,
              36.203733
            ]
          ]
        ]
      },
      "properties": {
        "building_id": "bldg_antakya_000131",
        "height_m": 14.9,
        "height_source": "osm_levels",
        "structural_type": "CR/LFINF+CDM/H:4-7",
        "structural_type_source": "assumed_default_for_region",
        "pga_g": 0.4521,
        "damage_state_probs": {
          "none": 0.0137,
          "slight": 0.1782,
          "moderate": 0.3479,
          "extensive": 0.2422,
          "collapse": 0.2181
        },
        "predicted_damage_state": "moderate",
        "ground_truth_damage_state": "moderate"
      }
    },
    {
      "type": "Feature",
      "geometry": {
        "type": "Polygon",
        "coordinates": [
          [
            [
              36.143067,
              36.20476
            ],
            [
              36.144933,
              36.20476
            ],
            [
              36.144933,
              36.2056
            ],
            [
              36.143067,
              36.2056
            ],
            [
              36.143067,
              36.20476
            ]
          ]
        ]
      },
      "properties": {
        "building_id": "bldg_antakya_000132",
        "height_m": 34.3,
        "height_source": "assumed_regional_average",
        "structural_type": "CR/LFINF+CDM/H:8+",
        "structural_type_source": "assumed_default_for_region",
        "pga_g": 0.4514,
        "damage_state_probs": {
          "none": 0.004,
          "slight": 0.1213,
          "moderate": 0.3268,
          "extensive": 0.2836,
          "collapse": 0.2642
        },
        "predicted_damage_state": "moderate",
        "ground_truth_damage_state": "moderate"
      }
    },
    {
      "type": "Feature",
      "geometry": {
        "type": "Polygon",
        "coordinates": [
          [
            [
              36.1484,
              36.203733
            ],
            [
              36.150267,
              36.203733
            ],
            [
              36.150267,
              36.204573
            ],
            [
              36.1484,
              36.204573
            ],
            [
              36.1484,
              36.203733
            ]
          ]
        ]
      },
      "properties": {
        "building_id": "bldg_antakya_000133",
        "height_m": 5.1,
        "height_source": "google_open_buildings",
        "structural_type": "URM/LWAL/H:1-2",
        "structural_type_source": "assumed_default_for_region",
        "pga_g": 0.4567,
        "damage_state_probs": {
          "none": 0.0029,
          "slight": 0.0815,
          "moderate": 0.2567,
          "extensive": 0.2636,
          "collapse": 0.3953
        },
        "predicted_damage_state": "collapse",
        "ground_truth_damage_state": "collapse"
      }
    },
    {
      "type": "Feature",
      "geometry": {
        "type": "Polygon",
        "coordinates": [
          [
            [
              36.1484,
              36.20476
            ],
            [
              36.150267,
              36.20476
            ],
            [
              36.150267,
              36.2056
            ],
            [
              36.1484,
              36.2056
            ],
            [
              36.1484,
              36.20476
            ]
          ]
        ]
      },
      "properties": {
        "building_id": "bldg_antakya_000134",
        "height_m": 5.7,
        "height_source": "google_open_buildings",
        "structural_type": "CR/LFINF+CDM/H:1-3",
        "structural_type_source": "assumed_default_for_region",
        "pga_g": 0.456,
        "damage_state_probs": {
          "none": 0.0315,
          "slight": 0.2283,
          "moderate": 0.3628,
          "extensive": 0.2084,
          "collapse": 0.169
        },
        "predicted_damage_state": "moderate",
        "ground_truth_damage_state": "extensive"
      }
    },
    {
      "type": "Feature",
      "geometry": {
        "type": "Polygon",
        "coordinates": [
          [
            [
              36.151067,
              36.203733
            ],
            [
              36.152933,
              36.203733
            ],
            [
              36.152933,
              36.204573
            ],
            [
              36.151067,
              36.204573
            ],
            [
              36.151067,
              36.203733
            ]
          ]
        ]
      },
      "properties": {
        "building_id": "bldg_antakya_000135",
        "height_m": 16.4,
        "height_source": "osm_levels",
        "structural_type": "CR/LFINF+CDM/H:4-7",
        "structural_type_source": "assumed_default_for_region",
        "pga_g": 0.4588,
        "damage_state_probs": {
          "none": 0.0127,
          "slight": 0.172,
          "moderate": 0.3454,
          "extensive": 0.2452,
          "collapse": 0.2248
        },
        "predicted_damage_state": "moderate",
        "ground_truth_damage_state": "extensive"
      }
    },
    {
      "type": "Feature",
      "geometry": {
        "type": "Polygon",
        "coordinates": [
          [
            [
              36.151067,
              36.20476
            ],
            [
              36.152933,
              36.20476
            ],
            [
              36.152933,
              36.2056
            ],
            [
              36.151067,
              36.2056
            ],
            [
              36.151067,
              36.20476
            ]
          ]
        ]
      },
      "properties": {
        "building_id": "bldg_antakya_000136",
        "height_m": 14.6,
        "height_source": "osm_levels",
        "structural_type": "CR/LFINF+CDM/H:4-7",
        "structural_type_source": "assumed_default_for_region",
        "pga_g": 0.4582,
        "damage_state_probs": {
          "none": 0.0128,
          "slight": 0.1725,
          "moderate": 0.3456,
          "extensive": 0.2449,
          "collapse": 0.2242
        },
        "predicted_damage_state": "moderate",
        "ground_truth_damage_state": "extensive"
      }
    },
    {
      "type": "Feature",
      "geometry": {
        "type": "Polygon",
        "coordinates": [
          [
            [
              36.153733,
              36.203733
            ],
            [
              36.1556,
              36.203733
            ],
            [
              36.1556,
              36.204573
            ],
            [
              36.153733,
              36.204573
            ],
            [
              36.153733,
              36.203733
            ]
          ]
        ]
      },
      "properties": {
        "building_id": "bldg_antakya_000137",
        "height_m": 4.6,
        "height_source": "google_open_buildings",
        "structural_type": "CR/LFINF+CDM/H:1-3",
        "structural_type_source": "assumed_default_for_region",
        "pga_g": 0.4609,
        "damage_state_probs": {
          "none": 0.03,
          "slight": 0.2235,
          "moderate": 0.3623,
          "extensive": 0.211,
          "collapse": 0.1732
        },
        "predicted_damage_state": "moderate",
        "ground_truth_damage_state": "extensive"
      }
    },
    {
      "type": "Feature",
      "geometry": {
        "type": "Polygon",
        "coordinates": [
          [
            [
              36.153733,
              36.20476
            ],
            [
              36.1556,
              36.20476
            ],
            [
              36.1556,
              36.2056
            ],
            [
              36.153733,
              36.2056
            ],
            [
              36.153733,
              36.20476
            ]
          ]
        ]
      },
      "properties": {
        "building_id": "bldg_antakya_000138",
        "height_m": 31.0,
        "height_source": "assumed_regional_average",
        "structural_type": "CR/LFINF+CDM/H:8+",
        "structural_type_source": "assumed_default_for_region",
        "pga_g": 0.4603,
        "damage_state_probs": {
          "none": 0.0036,
          "slight": 0.1146,
          "moderate": 0.3211,
          "extensive": 0.2865,
          "collapse": 0.2741
        },
        "predicted_damage_state": "moderate",
        "ground_truth_damage_state": "moderate"
      }
    },
    {
      "type": "Feature",
      "geometry": {
        "type": "Polygon",
        "coordinates": [
          [
            [
              36.1564,
              36.203733
            ],
            [
              36.158267,
              36.203733
            ],
            [
              36.158267,
              36.204573
            ],
            [
              36.1564,
              36.204573
            ],
            [
              36.1564,
              36.203733
            ]
          ]
        ]
      },
      "properties": {
        "building_id": "bldg_antakya_000139",
        "height_m": 21.5,
        "height_source": "osm_levels",
        "structural_type": "CR/LFINF+CDM/H:4-7",
        "structural_type_source": "assumed_default_for_region",
        "pga_g": 0.463,
        "damage_state_probs": {
          "none": 0.0121,
          "slight": 0.1682,
          "moderate": 0.3437,
          "extensive": 0.247,
          "collapse": 0.229
        },
        "predicted_damage_state": "moderate",
        "ground_truth_damage_state": "moderate"
      }
    },
    {
      "type": "Feature",
      "geometry": {
        "type": "Polygon",
        "coordinates": [
          [
            [
              36.1564,
              36.20476
            ],
            [
              36.158267,
              36.20476
            ],
            [
              36.158267,
              36.2056
            ],
            [
              36.1564,
              36.2056
            ],
            [
              36.1564,
              36.20476
            ]
          ]
        ]
      },
      "properties": {
        "building_id": "bldg_antakya_000140",
        "height_m": 4.7,
        "height_source": "google_open_buildings",
        "structural_type": "URM/LWAL/H:1-2",
        "structural_type_source": "assumed_default_for_region",
        "pga_g": 0.4623,
        "damage_state_probs": {
          "none": 0.0027,
          "slight": 0.0786,
          "moderate": 0.253,
          "extensive": 0.2637,
          "collapse": 0.402
        },
        "predicted_damage_state": "collapse",
        "ground_truth_damage_state": "collapse"
      }
    },
    {
      "type": "Feature",
      "geometry": {
        "type": "Polygon",
        "coordinates": [
          [
            [
              36.159067,
              36.203733
            ],
            [
              36.160933,
              36.203733
            ],
            [
              36.160933,
              36.204573
            ],
            [
              36.159067,
              36.204573
            ],
            [
              36.159067,
              36.203733
            ]
          ]
        ]
      },
      "properties": {
        "building_id": "bldg_antakya_000141",
        "height_m": 22.8,
        "height_source": "osm_levels",
        "structural_type": "CR/LFINF+CDM/H:8+",
        "structural_type_source": "assumed_default_for_region",
        "pga_g": 0.4649,
        "damage_state_probs": {
          "none": 0.0034,
          "slight": 0.1113,
          "moderate": 0.3181,
          "extensive": 0.2879,
          "collapse": 0.2793
        },
        "predicted_damage_state": "moderate",
        "ground_truth_damage_state": "moderate"
      }
    },
    {
      "type": "Feature",
      "geometry": {
        "type": "Polygon",
        "coordinates": [
          [
            [
              36.159067,
              36.20476
            ],
            [
              36.160933,
              36.20476
            ],
            [
              36.160933,
              36.2056
            ],
            [
              36.159067,
              36.2056
            ],
            [
              36.159067,
              36.20476
            ]
          ]
        ]
      },
      "properties": {
        "building_id": "bldg_antakya_000142",
        "height_m": 23.4,
        "height_source": "osm_levels",
        "structural_type": "CR/LFINF+CDM/H:8+",
        "structural_type_source": "assumed_default_for_region",
        "pga_g": 0.4643,
        "damage_state_probs": {
          "none": 0.0034,
          "slight": 0.1117,
          "moderate": 0.3185,
          "extensive": 0.2878,
          "collapse": 0.2786
        },
        "predicted_damage_state": "moderate",
        "ground_truth_damage_state": "moderate"
      }
    },
    {
      "type": "Feature",
      "geometry": {
        "type": "Polygon",
        "coordinates": [
          [
            [
              36.161733,
              36.203733
            ],
            [
              36.1636,
              36.203733
            ],
            [
              36.1636,
              36.204573
            ],
            [
              36.161733,
              36.204573
            ],
            [
              36.161733,
              36.203733
            ]
          ]
        ]
      },
      "properties": {
        "building_id": "bldg_antakya_000143",
        "height_m": 13.5,
        "height_source": "osm_levels",
        "structural_type": "CR/LFINF+CDM/H:4-7",
        "structural_type_source": "assumed_default_for_region",
        "pga_g": 0.4667,
        "damage_state_probs": {
          "none": 0.0116,
          "slight": 0.1649,
          "moderate": 0.3422,
          "extensive": 0.2486,
          "collapse": 0.2327
        },
        "predicted_damage_state": "moderate",
        "ground_truth_damage_state": "moderate"
      }
    },
    {
      "type": "Feature",
      "geometry": {
        "type": "Polygon",
        "coordinates": [
          [
            [
              36.161733,
              36.20476
            ],
            [
              36.1636,
              36.20476
            ],
            [
              36.1636,
              36.2056
            ],
            [
              36.161733,
              36.2056
            ],
            [
              36.161733,
              36.20476
            ]
          ]
        ]
      },
      "properties": {
        "building_id": "bldg_antakya_000144",
        "height_m": 5.7,
        "height_source": "google_open_buildings",
        "structural_type": "CR/LFINF+CDM/H:1-3",
        "structural_type_source": "assumed_default_for_region",
        "pga_g": 0.4662,
        "damage_state_probs": {
          "none": 0.0285,
          "slight": 0.2184,
          "moderate": 0.3616,
          "extensive": 0.2137,
          "collapse": 0.1777
        },
        "predicted_damage_state": "moderate",
        "ground_truth_damage_state": "slight"
      }
    },
    {
      "type": "Feature",
      "geometry": {
        "type": "Polygon",
        "coordinates": [
          [
            [
              36.167067,
              36.203733
            ],
            [
              36.168933,
              36.203733
            ],
            [
              36.168933,
              36.204573
            ],
            [
              36.167067,
              36.204573
            ],
            [
              36.167067,
              36.203733
            ]
          ]
        ]
      },
      "properties": {
        "building_id": "bldg_antakya_000145",
        "height_m": 15.7,
        "height_source": "osm_levels",
        "structural_type": "CR/LFINF+CDM/H:4-7",
        "structural_type_source": "assumed_default_for_region",
        "pga_g": 0.4702,
        "damage_state_probs": {
          "none": 0.0112,
          "slight": 0.1618,
          "moderate": 0.3407,
          "extensive": 0.25,
          "collapse": 0.2363
        },
        "predicted_damage_state": "moderate",
        "ground_truth_damage_state": "moderate"
      }
    },
    {
      "type": "Feature",
      "geometry": {
        "type": "Polygon",
        "coordinates": [
          [
            [
              36.167067,
              36.20476
            ],
            [
              36.168933,
              36.20476
            ],
            [
              36.168933,
              36.2056
            ],
            [
              36.167067,
              36.2056
            ],
            [
              36.167067,
              36.20476
            ]
          ]
        ]
      },
      "properties": {
        "building_id": "bldg_antakya_000146",
        "height_m": 5.9,
        "height_source": "google_open_buildings",
        "structural_type": "CR/LFINF+CDM/H:1-3",
        "structural_type_source": "assumed_default_for_region",
        "pga_g": 0.4697,
        "damage_state_probs": {
          "none": 0.0275,
          "slight": 0.2151,
          "moderate": 0.3611,
          "extensive": 0.2155,
          "collapse": 0.1807
        },
        "predicted_damage_state": "moderate",
        "ground_truth_damage_state": "moderate"
      }
    },
    {
      "type": "Feature",
      "geometry": {
        "type": "Polygon",
        "coordinates": [
          [
            [
              36.169733,
              36.203733
            ],
            [
              36.1716,
              36.203733
            ],
            [
              36.1716,
              36.204573
            ],
            [
              36.169733,
              36.204573
            ],
            [
              36.169733,
              36.203733
            ]
          ]
        ]
      },
      "properties": {
        "building_id": "bldg_antakya_000147",
        "height_m": 33.9,
        "height_source": "assumed_regional_average",
        "structural_type": "CR/LFINF+CDM/H:8+",
        "structural_type_source": "assumed_default_for_region",
        "pga_g": 0.4717,
        "damage_state_probs": {
          "none": 0.0031,
          "slight": 0.1065,
          "moderate": 0.3137,
          "extensive": 0.2899,
          "collapse": 0.2868
        },
        "predicted_damage_state": "moderate",
        "ground_truth_damage_state": "moderate"
      }
    },
    {
      "type": "Feature",
      "geometry": {
        "type": "Polygon",
        "coordinates": [
          [
            [
              36.169733,
              36.20476
            ],
            [
              36.1716,
              36.20476
            ],
            [
              36.1716,
              36.2056
            ],
            [
              36.169733,
              36.2056
            ],
            [
              36.169733,
              36.20476
            ]
          ]
        ]
      },
      "properties": {
        "building_id": "bldg_antakya_000148",
        "height_m": 18.1,
        "height_source": "osm_levels",
        "structural_type": "CR/LFINF+CDM/H:4-7",
        "structural_type_source": "assumed_default_for_region",
        "pga_g": 0.4713,
        "damage_state_probs": {
          "none": 0.011,
          "slight": 0.1609,
          "moderate": 0.3403,
          "extensive": 0.2505,
          "collapse": 0.2374
        },
        "predicted_damage_state": "moderate",
        "ground_truth_damage_state": "moderate"
      }
    },
    {
      "type": "Feature",
      "geometry": {
        "type": "Polygon",
        "coordinates": [
          [
            [
              36.1724,
              36.203733
            ],
            [
              36.174267,
              36.203733
            ],
            [
              36.174267,
              36.204573
            ],
            [
              36.1724,
              36.204573
            ],
            [
              36.1724,
              36.203733
            ]
          ]
        ]
      },
      "properties": {
        "building_id": "bldg_antakya_000149",
        "height_m": 20.0,
        "height_source": "osm_levels",
        "structural_type": "CR/LFINF+CDM/H:4-7",
        "structural_type_source": "assumed_default_for_region",
        "pga_g": 0.4732,
        "damage_state_probs": {
          "none": 0.0108,
          "slight": 0.1592,
          "moderate": 0.3395,
          "extensive": 0.2512,
          "collapse": 0.2393
        },
        "predicted_damage_state": "moderate",
        "ground_truth_damage_state": "moderate"
      }
    },
    {
      "type": "Feature",
      "geometry": {
        "type": "Polygon",
        "coordinates": [
          [
            [
              36.1724,
              36.20476
            ],
            [
              36.174267,
              36.20476
            ],
            [
              36.174267,
              36.2056
            ],
            [
              36.1724,
              36.2056
            ],
            [
              36.1724,
              36.20476
            ]
          ]
        ]
      },
      "properties": {
        "building_id": "bldg_antakya_000150",
        "height_m": 33.8,
        "height_source": "assumed_regional_average",
        "structural_type": "CR/LFINF+CDM/H:8+",
        "structural_type_source": "assumed_default_for_region",
        "pga_g": 0.4728,
        "damage_state_probs": {
          "none": 0.003,
          "slight": 0.1058,
          "moderate": 0.3129,
          "extensive": 0.2902,
          "collapse": 0.288
        },
        "predicted_damage_state": "moderate",
        "ground_truth_damage_state": "extensive"
      }
    },
    {
      "type": "Feature",
      "geometry": {
        "type": "Polygon",
        "coordinates": [
          [
            [
              36.175067,
              36.203733
            ],
            [
              36.176933,
              36.203733
            ],
            [
              36.176933,
              36.204573
            ],
            [
              36.175067,
              36.204573
            ],
            [
              36.175067,
              36.203733
            ]
          ]
        ]
      },
      "properties": {
        "building_id": "bldg_antakya_000151",
        "height_m": 22.9,
        "height_source": "osm_levels",
        "structural_type": "CR/LFINF+CDM/H:8+",
        "structural_type_source": "assumed_default_for_region",
        "pga_g": 0.4746,
        "damage_state_probs": {
          "none": 0.003,
          "slight": 0.1046,
          "moderate": 0.3118,
          "extensive": 0.2907,
          "collapse": 0.29
        },
        "predicted_damage_state": "moderate",
        "ground_truth_damage_state": "extensive"
      }
    },
    {
      "type": "Feature",
      "geometry": {
        "type": "Polygon",
        "coordinates": [
          [
            [
              36.175067,
              36.20476
            ],
            [
              36.176933,
              36.20476
            ],
            [
              36.176933,
              36.2056
            ],
            [
              36.175067,
              36.2056
            ],
            [
              36.175067,
              36.20476
            ]
          ]
        ]
      },
      "properties": {
        "building_id": "bldg_antakya_000152",
        "height_m": 16.7,
        "height_source": "osm_levels",
        "structural_type": "CR/LFINF+CDM/H:4-7",
        "structural_type_source": "assumed_default_for_region",
        "pga_g": 0.4742,
        "damage_state_probs": {
          "none": 0.0107,
          "slight": 0.1584,
          "moderate": 0.339,
          "extensive": 0.2516,
          "collapse": 0.2403
        },
        "predicted_damage_state": "moderate",
        "ground_truth_damage_state": "extensive"
      }
    },
    {
      "type": "Feature",
      "geometry": {
        "type": "Polygon",
        "coordinates": [
          [
            [
              36.177733,
              36.203733
            ],
            [
              36.1796,
              36.203733
            ],
            [
              36.1796,
              36.204573
            ],
            [
              36.177733,
              36.204573
            ],
            [
              36.177733,
              36.203733
            ]
          ]
        ]
      },
      "properties": {
        "building_id": "bldg_antakya_000153",
        "height_m": 5.8,
        "height_source": "google_open_buildings",
        "structural_type": "CR/LFINF+CDM/H:1-3",
        "structural_type_source": "assumed_default_for_region",
        "pga_g": 0.4758,
        "damage_state_probs": {
          "none": 0.0259,
          "slight": 0.2094,
          "moderate": 0.36,
          "extensive": 0.2186,
          "collapse": 0.186
        },
        "predicted_damage_state": "moderate",
        "ground_truth_damage_state": "moderate"
      }
    },
    {
      "type": "Feature",
      "geometry": {
        "type": "Polygon",
        "coordinates": [
          [
            [
              36.177733,
              36.20476
            ],
            [
              36.1796,
              36.20476
            ],
            [
              36.1796,
              36.2056
            ],
            [
              36.177733,
              36.2056
            ],
            [
              36.177733,
              36.20476
            ]
          ]
        ]
      },
      "properties": {
        "building_id": "bldg_antakya_000154",
        "height_m": 16.9,
        "height_source": "osm_levels",
        "structural_type": "CR/LFINF+CDM/H:4-7",
        "structural_type_source": "assumed_default_for_region",
        "pga_g": 0.4754,
        "damage_state_probs": {
          "none": 0.0105,
          "slight": 0.1574,
          "moderate": 0.3385,
          "extensive": 0.2521,
          "collapse": 0.2415
        },
        "predicted_damage_state": "moderate",
        "ground_truth_damage_state": "moderate"
      }
    },
    {
      "type": "Feature",
      "geometry": {
        "type": "Polygon",
        "coordinates": [
          [
            [
              36.1404,
              36.2064
            ],
            [
              36.142267,
              36.2064
            ],
            [
              36.142267,
              36.20724
            ],
            [
              36.1404,
              36.20724
            ],
            [
              36.1404,
              36.2064
            ]
          ]
        ]
      },
      "properties": {
        "building_id": "bldg_antakya_000155",
        "height_m": 13.8,
        "height_source": "osm_levels",
        "structural_type": "CR/LFINF+CDM/H:4-7",
        "structural_type_source": "assumed_default_for_region",
        "pga_g": 0.4477,
        "damage_state_probs": {
          "none": 0.0144,
          "slight": 0.1824,
          "moderate": 0.3495,
          "extensive": 0.2401,
          "collapse": 0.2137
        },
        "predicted_damage_state": "moderate",
        "ground_truth_damage_state": "moderate"
      }
    },
    {
      "type": "Feature",
      "geometry": {
        "type": "Polygon",
        "coordinates": [
          [
            [
              36.1404,
              36.207427
            ],
            [
              36.142267,
              36.207427
            ],
            [
              36.142267,
              36.208267
            ],
            [
              36.1404,
              36.208267
            ],
            [
              36.1404,
              36.207427
            ]
          ]
        ]
      },
      "properties": {
        "building_id": "bldg_antakya_000156",
        "height_m": 19.4,
        "height_source": "osm_levels",
        "structural_type": "CR/LFINF+CDM/H:4-7",
        "structural_type_source": "assumed_default_for_region",
        "pga_g": 0.447,
        "damage_state_probs": {
          "none": 0.0145,
          "slight": 0.183,
          "moderate": 0.3497,
          "extensive": 0.2398,
          "collapse": 0.213
        },
        "predicted_damage_state": "moderate",
        "ground_truth_damage_state": "moderate"
      }
    },
    {
      "type": "Feature",
      "geometry": {
        "type": "Polygon",
        "coordinates": [
          [
            [
              36.145733,
              36.2064
            ],
            [
              36.1476,
              36.2064
            ],
            [
              36.1476,
              36.20724
            ],
            [
              36.145733,
              36.20724
            ],
            [
              36.145733,
              36.2064
            ]
          ]
        ]
      },
      "properties": {
        "building_id": "bldg_antakya_000157",
        "height_m": 4.8,
        "height_source": "google_open_buildings",
        "structural_type": "URM/LWAL/H:1-2",
        "structural_type_source": "assumed_default_for_region",
        "pga_g": 0.4525,
        "damage_state_probs": {
          "none": 0.003,
          "slight": 0.0838,
          "moderate": 0.2596,
          "extensive": 0.2634,
          "collapse": 0.3902
        },
        "predicted_damage_state": "collapse",
        "ground_truth_damage_state": "collapse"
      }
    },
    {
      "type": "Feature",
      "geometry": {
        "type": "Polygon",
        "coordinates": [
          [
            [
              36.145733,
              36.207427
            ],
            [
              36.1476,
              36.207427
            ],
            [
              36.1476,
              36.208267
            ],
            [
              36.145733,
              36.208267
            ],
            [
              36.145733,
              36.207427
            ]
          ]
        ]
      },
      "properties": {
        "building_id": "bldg_antakya_000158",
        "height_m": 23.8,
        "height_source": "osm_levels",
        "structural_type": "CR/LFINF+CDM/H:8+",
        "structural_type_source": "assumed_default_for_region",
        "pga_g": 0.4518,
        "damage_state_probs": {
          "none": 0.004,
          "slight": 0.121,
          "moderate": 0.3266,
          "extensive": 0.2837,
          "collapse": 0.2647
        },
        "predicted_damage_state": "moderate",
        "ground_truth_damage_state": "extensive"
      }
    },
    {
      "type": "Feature",
      "geometry": {
        "type": "Polygon",
        "coordinates": [
          [
            [
              36.1484,
              36.2064
            ],
            [
              36.150267,
              36.2064
            ],
            [
              36.150267,
              36.20724
            ],
            [
              36.1484,
              36.20724
            ],
            [
              36.1484,
              36.2064
            ]
          ]
        ]
      },
      "properties": {
        "building_id": "bldg_antakya_000159",
        "height_m": 15.8,
        "height_source": "osm_levels",
        "structural_type": "CR/LFINF+CDM/H:4-7",
        "structural_type_source": "assumed_default_for_region",
        "pga_g": 0.4548,
        "damage_state_probs": {
          "none": 0.0133,
          "slight": 0.1756,
          "moderate": 0.3469,
          "extensive": 0.2434,
          "collapse": 0.2208
        },
        "predicted_damage_state": "moderate",
        "ground_truth_damage_state": "moderate"
      }
    },
    {
      "type": "Feature",
      "geometry": {
        "type": "Polygon",
        "coordinates": [
          [
            [
              36.1484,
              36.207427
            ],
            [
              36.150267,
              36.207427
            ],
            [
              36.150267,
              36.208267
            ],
            [
              36.1484,
              36.208267
            ],
            [
              36.1484,
              36.207427
            ]
          ]
        ]
      },
      "properties": {
        "building_id": "bldg_antakya_000160",
        "height_m": 17.9,
        "height_source": "osm_levels",
        "structural_type": "CR/LFINF+CDM/H:4-7",
        "structural_type_source": "assumed_default_for_region",
        "pga_g": 0.4541,
        "damage_state_probs": {
          "none": 0.0134,
          "slight": 0.1763,
          "moderate": 0.3472,
          "extensive": 0.2431,
          "collapse": 0.2201
        },
        "predicted_damage_state": "moderate",
        "ground_truth_damage_state": "moderate"
      }
    },
    {
      "type": "Feature",
      "geometry": {
        "type": "Polygon",
        "coordinates": [
          [
            [
              36.151067,
              36.2064
            ],
            [
              36.152933,
              36.2064
            ],
            [
              36.152933,
              36.20724
            ],
            [
              36.151067,
              36.20724
            ],
            [
              36.151067,
              36.2064
            ]
          ]
        ]
      },
      "properties": {
        "building_id": "bldg_antakya_000161",
        "height_m": 17.6,
        "height_source": "osm_levels",
        "structural_type": "CR/LFINF+CDM/H:4-7",
        "structural_type_source": "assumed_default_for_region",
        "pga_g": 0.4571,
        "damage_state_probs": {
          "none": 0.0129,
          "slight": 0.1735,
          "moderate": 0.346,
          "extensive": 0.2444,
          "collapse": 0.2231
        },
        "predicted_damage_state": "moderate",
        "ground_truth_damage_state": "moderate"
      }
    },
    {
      "type": "Feature",
      "geometry": {
        "type": "Polygon",
        "coordinates": [
          [
            [
              36.151067,
              36.207427
            ],
            [
              36.152933,
              36.207427
            ],
            [
              36.152933,
              36.208267
            ],
            [
              36.151067,
              36.208267
            ],
            [
              36.151067,
              36.207427
            ]
          ]
        ]
      },
      "properties": {
        "building_id": "bldg_antakya_000162",
        "height_m": 6.0,
        "height_source": "google_open_buildings",
        "structural_type": "URM/LWAL/H:1-2",
        "structural_type_source": "assumed_default_for_region",
        "pga_g": 0.4564,
        "damage_state_probs": {
          "none": 0.0029,
          "slight": 0.0817,
          "moderate": 0.257,
          "extensive": 0.2636,
          "collapse": 0.3949
        },
        "predicted_damage_state": "collapse",
        "ground_truth_damage_state": "extensive"
      }
    },
    {
      "type": "Feature",
      "geometry": {
        "type": "Polygon",
        "coordinates": [
          [
            [
              36.153733,
              36.2064
            ],
            [
              36.1556,
              36.2064
            ],
            [
              36.1556,
              36.20724
            ],
            [
              36.153733,
              36.20724
            ],
            [
              36.153733,
              36.2064
            ]
          ]
        ]
      },
      "properties": {
        "building_id": "bldg_antakya_000163",
        "height_m": 27.9,
        "height_source": "assumed_regional_average",
        "structural_type": "CR/LFINF+CDM/H:8+",
        "structural_type_source": "assumed_default_for_region",
        "pga_g": 0.4592,
        "damage_state_probs": {
          "none": 0.0036,
          "slight": 0.1154,
          "moderate": 0.3218,
          "extensive": 0.2862,
          "collapse": 0.2729
        },
        "predicted_damage_state": "moderate",
        "ground_truth_damage_state": "moderate"
      }
    },
    {
      "type": "Feature",
      "geometry": {
        "type": "Polygon",
        "coordinates": [
          [
            [
              36.153733,
              36.207427
            ],
            [
              36.1556,
              36.207427
            ],
            [
              36.1556,
              36.208267
            ],
            [
              36.153733,
              36.208267
            ],
            [
              36.153733,
              36.207427
            ]
          ]
        ]
      },
      "properties": {
        "building_id": "bldg_antakya_000164",
        "height_m": 5.2,
        "height_source": "google_open_buildings",
        "structural_type": "CR/LFINF+CDM/H:1-3",
        "structural_type_source": "assumed_default_for_region",
        "pga_g": 0.4586,
        "damage_state_probs": {
          "none": 0.0307,
          "slight": 0.2258,
          "moderate": 0.3626,
          "extensive": 0.2098,
          "collapse": 0.1712
        },
        "predicted_damage_state": "moderate",
        "ground_truth_damage_state": "extensive"
      }
    },
    {
      "type": "Feature",
      "geometry": {
        "type": "Polygon",
        "coordinates": [
          [
            [
              36.1564,
              36.2064
            ],
            [
              36.158267,
              36.2064
            ],
            [
              36.158267,
              36.20724
            ],
            [
              36.1564,
              36.20724
            ],
            [
              36.1564,
              36.2064
            ]
          ]
        ]
      },
      "properties": {
        "building_id": "bldg_antakya_000165",
        "height_m": 15.6,
        "height_source": "osm_levels",
        "structural_type": "CR/LFINF+CDM/H:4-7",
        "structural_type_source": "assumed_default_for_region",
        "pga_g": 0.4613,
        "damage_state_probs": {
          "none": 0.0123,
          "slight": 0.1697,
          "moderate": 0.3444,
          "extensive": 0.2463,
          "collapse": 0.2273
        },
        "predicted_damage_state": "moderate",
        "ground_truth_damage_state": "moderate"
      }
    },
    {
      "type": "Feature",
      "geometry": {
        "type": "Polygon",
        "coordinates": [
          [
            [
              36.1564,
              36.207427
            ],
            [
              36.158267,
              36.207427
            ],
            [
              36.158267,
              36.208267
            ],
            [
              36.1564,
              36.208267
            ],
            [
              36.1564,
              36.207427
            ]
          ]
        ]
      },
      "properties": {
        "building_id": "bldg_antakya_000166",
        "height_m": 14.3,
        "height_source": "osm_levels",
        "structural_type": "CR/LFINF+CDM/H:4-7",
        "structural_type_source": "assumed_default_for_region",
        "pga_g": 0.4607,
        "damage_state_probs": {
          "none": 0.0124,
          "slight": 0.1702,
          "moderate": 0.3446,
          "extensive": 0.246,
          "collapse": 0.2267
        },
        "predicted_damage_state": "moderate",
        "ground_truth_damage_state": "moderate"
      }
    },
    {
      "type": "Feature",
      "geometry": {
        "type": "Polygon",
        "coordinates": [
          [
            [
              36.159067,
              36.2064
            ],
            [
              36.160933,
              36.2064
            ],
            [
              36.160933,
              36.20724
            ],
            [
              36.159067,
              36.20724
            ],
            [
              36.159067,
              36.2064
            ]
          ]
        ]
      },
      "properties": {
        "building_id": "bldg_antakya_000167",
        "height_m": 13.5,
        "height_source": "osm_levels",
        "structural_type": "CR/LFINF+CDM/H:4-7",
        "structural_type_source": "assumed_default_for_region",
        "pga_g": 0.4633,
        "damage_state_probs": {
          "none": 0.0121,
          "slight": 0.1679,
          "moderate": 0.3436,
          "extensive": 0.2471,
          "collapse": 0.2293
        },
        "predicted_damage_state": "moderate",
        "ground_truth_damage_state": "moderate"
      }
    },
    {
      "type": "Feature",
      "geometry": {
        "type": "Polygon",
        "coordinates": [
          [
            [
              36.159067,
              36.207427
            ],
            [
              36.160933,
              36.207427
            ],
            [
              36.160933,
              36.208267
            ],
            [
              36.159067,
              36.208267
            ],
            [
              36.159067,
              36.207427
            ]
          ]
        ]
      },
      "properties": {
        "building_id": "bldg_antakya_000168",
        "height_m": 18.0,
        "height_source": "osm_levels",
        "structural_type": "CR/LFINF+CDM/H:4-7",
        "structural_type_source": "assumed_default_for_region",
        "pga_g": 0.4627,
        "damage_state_probs": {
          "none": 0.0121,
          "slight": 0.1684,
          "moderate": 0.3438,
          "extensive": 0.2469,
          "collapse": 0.2287
        },
        "predicted_damage_state": "moderate",
        "ground_truth_damage_state": "moderate"
      }
    },
    {
      "type": "Feature",
      "geometry": {
        "type": "Polygon",
        "coordinates": [
          [
            [
              36.1644,
              36.2064
            ],
            [
              36.166267,
              36.2064
            ],
            [
              36.166267,
              36.20724
            ],
            [
              36.1644,
              36.20724
            ],
            [
              36.1644,
              36.2064
            ]
          ]
        ]
      },
      "properties": {
        "building_id": "bldg_antakya_000169",
        "height_m": 30.9,
        "height_source": "assumed_regional_average",
        "structural_type": "CR/LFINF+CDM/H:8+",
        "structural_type_source": "assumed_default_for_region",
        "pga_g": 0.4671,
        "damage_state_probs": {
          "none": 0.0033,
          "slight": 0.1097,
          "moderate": 0.3167,
          "extensive": 0.2886,
          "collapse": 0.2817
        },
        "predicted_damage_state": "moderate",
        "ground_truth_damage_state": "moderate"
      }
    },
    {
      "type": "Feature",
      "geometry": {
        "type": "Polygon",
        "coordinates": [
          [
            [
              36.1644,
              36.207427
            ],
            [
              36.166267,
              36.207427
            ],
            [
              36.166267,
              36.208267
            ],
            [
              36.1644,
              36.208267
            ],
            [
              36.1644,
              36.207427
            ]
          ]
        ]
      },
      "properties": {
        "building_id": "bldg_antakya_000170",
        "height_m": 22.5,
        "height_source": "osm_levels",
        "structural_type": "CR/LFINF+CDM/H:8+",
        "structural_type_source": "assumed_default_for_region",
        "pga_g": 0.4665,
        "damage_state_probs": {
          "none": 0.0033,
          "slight": 0.1101,
          "moderate": 0.3171,
          "extensive": 0.2884,
          "collapse": 0.281
        },
        "predicted_damage_state": "moderate",
        "ground_truth_damage_state": "extensive"
      }
    },
    {
      "type": "Feature",
      "geometry": {
        "type": "Polygon",
        "coordinates": [
          [
            [
              36.167067,
              36.2064
            ],
            [
              36.168933,
              36.2064
            ],
            [
              36.168933,
              36.20724
            ],
            [
              36.167067,
              36.20724
            ],
            [
              36.167067,
              36.2064
            ]
          ]
        ]
      },
      "properties": {
        "building_id": "bldg_antakya_000171",
        "height_m": 20.2,
        "height_source": "osm_levels",
        "structural_type": "CR/LFINF+CDM/H:4-7",
        "structural_type_source": "assumed_default_for_region",
        "pga_g": 0.4688,
        "damage_state_probs": {
          "none": 0.0113,
          "slight": 0.163,
          "moderate": 0.3413,
          "extensive": 0.2494,
          "collapse": 0.2349
        },
        "predicted_damage_state": "moderate",
        "ground_truth_damage_state": "moderate"
      }
    },
    {
      "type": "Feature",
      "geometry": {
        "type": "Polygon",
        "coordinates": [
          [
            [
              36.167067,
              36.207427
            ],
            [
              36.168933,
              36.207427
            ],
            [
              36.168933,
              36.208267
            ],
            [
              36.167067,
              36.208267
            ],
            [
              36.167067,
              36.207427
            ]
          ]
        ]
      },
      "properties": {
        "building_id": "bldg_antakya_000172",
        "height_m": 5.5,
        "height_source": "google_open_buildings",
        "structural_type": "URM/LWAL/H:1-2",
        "structural_type_source": "assumed_default_for_region",
        "pga_g": 0.4683,
        "damage_state_probs": {
          "none": 0.0025,
          "slight": 0.0756,
          "moderate": 0.249,
          "extensive": 0.2638,
          "collapse": 0.4092
        },
        "predicted_damage_state": "collapse",
        "ground_truth_damage_state": "collapse"
      }
    },
    {
      "type": "Feature",
      "geometry": {
        "type": "Polygon",
        "coordinates": [
          [
            [
              36.169733,
              36.2064
            ],
            [
              36.1716,
              36.2064
            ],
            [
              36.1716,
              36.20724
            ],
            [
              36.169733,
              36.20724
            ],
            [
              36.169733,
              36.2064
            ]
          ]
        ]
      },
      "properties": {
        "building_id": "bldg_antakya_000173",
        "height_m": 17.1,
        "height_source": "osm_levels",
        "structural_type": "CR/LFINF+CDM/H:4-7",
        "structural_type_source": "assumed_default_for_region",
        "pga_g": 0.4705,
        "damage_state_probs": {
          "none": 0.0111,
          "slight": 0.1616,
          "moderate": 0.3406,
          "extensive": 0.2501,
          "collapse": 0.2366
        },
        "predicted_damage_state": "moderate",
        "ground_truth_damage_state": "moderate"
      }
    },
    {
      "type": "Feature",
      "geometry": {
        "type": "Polygon",
        "coordinates": [
          [
            [
              36.169733,
              36.207427
            ],
            [
              36.1716,
              36.207427
            ],
            [
              36.1716,
              36.208267
            ],
            [
              36.169733,
              36.208267
            ],
            [
              36.169733,
              36.207427
            ]
          ]
        ]
      },
      "properties": {
        "building_id": "bldg_antakya_000174",
        "height_m": 19.8,
        "height_source": "osm_levels",
        "structural_type": "CR/LFINF+CDM/H:4-7",
        "structural_type_source": "assumed_default_for_region",
        "pga_g": 0.47,
        "damage_state_probs": {
          "none": 0.0112,
          "slight": 0.162,
          "moderate": 0.3408,
          "extensive": 0.2499,
          "collapse": 0.2361
        },
        "predicted_damage_state": "moderate",
        "ground_truth_damage_state": "extensive"
      }
    },
    {
      "type": "Feature",
      "geometry": {
        "type": "Polygon",
        "coordinates": [
          [
            [
              36.1724,
              36.2064
            ],
            [
              36.174267,
              36.2064
            ],
            [
              36.174267,
              36.20724
            ],
            [
              36.1724,
              36.20724
            ],
            [
              36.1724,
              36.2064
            ]
          ]
        ]
      },
      "properties": {
        "building_id": "bldg_antakya_000175",
        "height_m": 14.5,
        "height_source": "osm_levels",
        "structural_type": "CR/LFINF+CDM/H:4-7",
        "structural_type_source": "assumed_default_for_region",
        "pga_g": 0.472,
        "damage_state_probs": {
          "none": 0.0109,
          "slight": 0.1603,
          "moderate": 0.34,
          "extensive": 0.2507,
          "collapse": 0.2381
        },
        "predicted_damage_state": "moderate",
        "ground_truth_damage_state": "moderate"
      }
    },
    {
      "type": "Feature",
      "geometry": {
        "type": "Polygon",
        "coordinates": [
          [
            [
              36.1724,
              36.207427
            ],
            [
              36.174267,
              36.207427
            ],
            [
              36.174267,
              36.208267
            ],
            [
              36.1724,
              36.208267
            ],
            [
              36.1724,
              36.207427
            ]
          ]
        ]
      },
      "properties": {
        "building_id": "bldg_antakya_000176",
        "height_m": 13.8,
        "height_source": "osm_levels",
        "structural_type": "CR/LFINF+CDM/H:4-7",
        "structural_type_source": "assumed_default_for_region",
        "pga_g": 0.4715,
        "damage_state_probs": {
          "none": 0.011,
          "slight": 0.1607,
          "moderate": 0.3402,
          "extensive": 0.2505,
          "collapse": 0.2376
        },
        "predicted_damage_state": "moderate",
        "ground_truth_damage_state": "extensive"
      }
    },
    {
      "type": "Feature",
      "geometry": {
        "type": "Polygon",
        "coordinates": [
          [
            [
              36.175067,
              36.2064
            ],
            [
              36.176933,
              36.2064
            ],
            [
              36.176933,
              36.20724
            ],
            [
              36.175067,
              36.20724
            ],
            [
              36.175067,
              36.2064
            ]
          ]
        ]
      },
      "properties": {
        "building_id": "bldg_antakya_000177",
        "height_m": 5.1,
        "height_source": "google_open_buildings",
        "structural_type": "CR/LFINF+CDM/H:1-3",
        "structural_type_source": "assumed_default_for_region",
        "pga_g": 0.4735,
        "damage_state_probs": {
          "none": 0.0265,
          "slight": 0.2116,
          "moderate": 0.3605,
          "extensive": 0.2174,
          "collapse": 0.184
        },
        "predicted_damage_state": "moderate",
        "ground_truth_damage_state": "extensive"
      }
    },
    {
      "type": "Feature",
      "geometry": {
        "type": "Polygon",
        "coordinates": [
          [
            [
              36.175067,
              36.207427
            ],
            [
              36.176933,
              36.207427
            ],
            [
              36.176933,
              36.208267
            ],
            [
              36.175067,
              36.208267
            ],
            [
              36.175067,
              36.207427
            ]
          ]
        ]
      },
      "properties": {
        "building_id": "bldg_antakya_000178",
        "height_m": 23.4,
        "height_source": "osm_levels",
        "structural_type": "CR/LFINF+CDM/H:8+",
        "structural_type_source": "assumed_default_for_region",
        "pga_g": 0.473,
        "damage_state_probs": {
          "none": 0.003,
          "slight": 0.1056,
          "moderate": 0.3128,
          "extensive": 0.2902,
          "collapse": 0.2883
        },
        "predicted_damage_state": "moderate",
        "ground_truth_damage_state": "moderate"
      }
    },
    {
      "type": "Feature",
      "geometry": {
        "type": "Polygon",
        "coordinates": [
          [
            [
              36.177733,
              36.2064
            ],
            [
              36.1796,
              36.2064
            ],
            [
              36.1796,
              36.20724
            ],
            [
              36.177733,
              36.20724
            ],
            [
              36.177733,
              36.2064
            ]
          ]
        ]
      },
      "properties": {
        "building_id": "bldg_antakya_000179",
        "height_m": 13.8,
        "height_source": "osm_levels",
        "structural_type": "CR/LFINF+CDM/H:4-7",
        "structural_type_source": "assumed_default_for_region",
        "pga_g": 0.4748,
        "damage_state_probs": {
          "none": 0.0106,
          "slight": 0.1579,
          "moderate": 0.3388,
          "extensive": 0.2518,
          "collapse": 0.2409
        },
        "predicted_damage_state": "moderate",
        "ground_truth_damage_state": "moderate"
      }
    },
    {
      "type": "Feature",
      "geometry": {
        "type": "Polygon",
        "coordinates": [
          [
            [
              36.177733,
              36.207427
            ],
            [
              36.1796,
              36.207427
            ],
            [
              36.1796,
              36.208267
            ],
            [
              36.177733,
              36.208267
            ],
            [
              36.177733,
              36.207427
            ]
          ]
        ]
      },
      "properties": {
        "building_id": "bldg_antakya_000180",
        "height_m": 12.0,
        "height_source": "osm_levels",
        "structural_type": "CR/LFINF+CDM/H:4-7",
        "structural_type_source": "assumed_default_for_region",
        "pga_g": 0.4744,
        "damage_state_probs": {
          "none": 0.0106,
          "slight": 0.1582,
          "moderate": 0.3389,
          "extensive": 0.2517,
          "collapse": 0.2405
        },
        "predicted_damage_state": "moderate",
        "ground_truth_damage_state": "moderate"
      }
    },
    {
      "type": "Feature",
      "geometry": {
        "type": "Polygon",
        "coordinates": [
          [
            [
              36.143067,
              36.209067
            ],
            [
              36.144933,
              36.209067
            ],
            [
              36.144933,
              36.209907
            ],
            [
              36.143067,
              36.209907
            ],
            [
              36.143067,
              36.209067
            ]
          ]
        ]
      },
      "properties": {
        "building_id": "bldg_antakya_000181",
        "height_m": 14.6,
        "height_source": "osm_levels",
        "structural_type": "CR/LFINF+CDM/H:4-7",
        "structural_type_source": "assumed_default_for_region",
        "pga_g": 0.4482,
        "damage_state_probs": {
          "none": 0.0143,
          "slight": 0.1819,
          "moderate": 0.3493,
          "extensive": 0.2404,
          "collapse": 0.2142
        },
        "predicted_damage_state": "moderate",
        "ground_truth_damage_state": "moderate"
      }
    },
    {
      "type": "Feature",
      "geometry": {
        "type": "Polygon",
        "coordinates": [
          [
            [
              36.143067,
              36.210093
            ],
            [
              36.144933,
              36.210093
            ],
            [
              36.144933,
              36.210933
            ],
            [
              36.143067,
              36.210933
            ],
            [
              36.143067,
              36.210093
            ]
          ]
        ]
      },
      "properties": {
        "building_id": "bldg_antakya_000182",
        "height_m": 15.9,
        "height_source": "osm_levels",
        "structural_type": "CR/LFINF+CDM/H:4-7",
        "structural_type_source": "assumed_default_for_region",
        "pga_g": 0.4474,
        "damage_state_probs": {
          "none": 0.0144,
          "slight": 0.1827,
          "moderate": 0.3496,
          "extensive": 0.24,
          "collapse": 0.2134
        },
        "predicted_damage_state": "moderate",
        "ground_truth_damage_state": "moderate"
      }
    },
    {
      "type": "Feature",
      "geometry": {
        "type": "Polygon",
        "coordinates": [
          [
            [
              36.145733,
              36.209067
            ],
            [
              36.1476,
              36.209067
            ],
            [
              36.1476,
              36.209907
            ],
            [
              36.145733,
              36.209907
            ],
            [
              36.145733,
              36.209067
            ]
          ]
        ]
      },
      "properties": {
        "building_id": "bldg_antakya_000183",
        "height_m": 14.7,
        "height_source": "osm_levels",
        "structural_type": "CR/LFINF+CDM/H:4-7",
        "structural_type_source": "assumed_default_for_region",
        "pga_g": 0.4506,
        "damage_state_probs": {
          "none": 0.0139,
          "slight": 0.1796,
          "moderate": 0.3484,
          "extensive": 0.2415,
          "collapse": 0.2166
        },
        "predicted_damage_state": "moderate",
        "ground_truth_damage_state": "moderate"
      }
    },
    {
      "type": "Feature",
      "geometry": {
        "type": "Polygon",
        "coordinates": [
          [
            [
              36.145733,
              36.210093
            ],
            [
              36.1476,
              36.210093
            ],
            [
              36.1476,
              36.210933
            ],
            [
              36.145733,
              36.210933
            ],
            [
              36.145733,
              36.210093
            ]
          ]
        ]
      },
      "properties": {
        "building_id": "bldg_antakya_000184",
        "height_m": 14.8,
        "height_source": "osm_levels",
        "structural_type": "CR/LFINF+CDM/H:4-7",
        "structural_type_source": "assumed_default_for_region",
        "pga_g": 0.4499,
        "damage_state_probs": {
          "none": 0.014,
          "slight": 0.1803,
          "moderate": 0.3487,
          "extensive": 0.2412,
          "collapse": 0.2159
        },
        "predicted_damage_state": "moderate",
        "ground_truth_damage_state": "moderate"
      }
    },
    {
      "type": "Feature",
      "geometry": {
        "type": "Polygon",
        "coordinates": [
          [
            [
              36.1484,
              36.209067
            ],
            [
              36.150267,
              36.209067
            ],
            [
              36.150267,
              36.209907
            ],
            [
              36.1484,
              36.209907
            ],
            [
              36.1484,
              36.209067
            ]
          ]
        ]
      },
      "properties": {
        "building_id": "bldg_antakya_000185",
        "height_m": 33.8,
        "height_source": "assumed_regional_average",
        "structural_type": "CR/LFINF+CDM/H:8+",
        "structural_type_source": "assumed_default_for_region",
        "pga_g": 0.453,
        "damage_state_probs": {
          "none": 0.0039,
          "slight": 0.1201,
          "moderate": 0.3258,
          "extensive": 0.2841,
          "collapse": 0.266
        },
        "predicted_damage_state": "moderate",
        "ground_truth_damage_state": "extensive"
      }
    },
    {
      "type": "Feature",
      "geometry": {
        "type": "Polygon",
        "coordinates": [
          [
            [
              36.1484,
              36.210093
            ],
            [
              36.150267,
              36.210093
            ],
            [
              36.150267,
              36.210933
            ],
            [
              36.1484,
              36.210933
            ],
            [
              36.1484,
              36.210093
            ]
          ]
        ]
      },
      "properties": {
        "building_id": "bldg_antakya_000186",
        "height_m": 4.6,
        "height_source": "google_open_buildings",
        "structural_type": "CR/LFINF+CDM/H:1-3",
        "structural_type_source": "assumed_default_for_region",
        "pga_g": 0.4522,
        "damage_state_probs": {
          "none": 0.0327,
          "slight": 0.232,
          "moderate": 0.3631,
          "extensive": 0.2063,
          "collapse": 0.1658
        },
        "predicted_damage_state": "moderate",
        "ground_truth_damage_state": "moderate"
      }
    },
    {
      "type": "Feature",
      "geometry": {
        "type": "Polygon",
        "coordinates": [
          [
            [
              36.151067,
              36.209067
            ],
            [
              36.152933,
              36.209067
            ],
            [
              36.152933,
              36.209907
            ],
            [
              36.151067,
              36.209907
            ],
            [
              36.151067,
              36.209067
            ]
          ]
        ]
      },
      "properties": {
        "building_id": "bldg_antakya_000187",
        "height_m": 14.0,
        "height_source": "osm_levels",
        "structural_type": "CR/LFINF+CDM/H:4-7",
        "structural_type_source": "assumed_default_for_region",
        "pga_g": 0.4552,
        "damage_state_probs": {
          "none": 0.0132,
          "slight": 0.1753,
          "moderate": 0.3468,
          "extensive": 0.2436,
          "collapse": 0.2212
        },
        "predicted_damage_state": "moderate",
        "ground_truth_damage_state": "extensive"
      }
    },
    {
      "type": "Feature",
      "geometry": {
        "type": "Polygon",
        "coordinates": [
          [
            [
              36.151067,
              36.210093
            ],
            [
              36.152933,
              36.210093
            ],
            [
              36.152933,
              36.210933
            ],
            [
              36.151067,
              36.210933
            ],
            [
              36.151067,
              36.210093
            ]
          ]
        ]
      },
      "properties": {
        "building_id": "bldg_antakya_000188",
        "height_m": 22.5,
        "height_source": "osm_levels",
        "structural_type": "CR/LFINF+CDM/H:8+",
        "structural_type_source": "assumed_default_for_region",
        "pga_g": 0.4545,
        "damage_state_probs": {
          "none": 0.0039,
          "slight": 0.1189,
          "moderate": 0.3248,
          "extensive": 0.2847,
          "collapse": 0.2677
        },
        "predicted_damage_state": "moderate",
        "ground_truth_damage_state": "moderate"
      }
    },
    {
      "type": "Feature",
      "geometry": {
        "type": "Polygon",
        "coordinates": [
          [
            [
              36.153733,
              36.209067
            ],
            [
              36.1556,
              36.209067
            ],
            [
              36.1556,
              36.209907
            ],
            [
              36.153733,
              36.209907
            ],
            [
              36.153733,
              36.209067
            ]
          ]
        ]
      },
      "properties": {
        "building_id": "bldg_antakya_000189",
        "height_m": 19.3,
        "height_source": "osm_levels",
        "structural_type": "CR/LFINF+CDM/H:4-7",
        "structural_type_source": "assumed_default_for_region",
        "pga_g": 0.4575,
        "damage_state_probs": {
          "none": 0.0129,
          "slight": 0.1731,
          "moderate": 0.3459,
          "extensive": 0.2446,
          "collapse": 0.2235
        },
        "predicted_damage_state": "moderate",
        "ground_truth_damage_state": "moderate"
      }
    },
    {
      "type": "Feature",
      "geometry": {
        "type": "Polygon",
        "coordinates": [
          [
            [
              36.153733,
              36.210093
            ],
            [
              36.1556,
              36.210093
            ],
            [
              36.1556,
              36.210933
            ],
            [
              36.153733,
              36.210933
            ],
            [
              36.153733,
              36.210093
            ]
          ]
        ]
      },
      "properties": {
        "building_id": "bldg_antakya_000190",
        "height_m": 4.5,
        "height_source": "google_open_buildings",
        "structural_type": "URM/LWAL/H:1-2",
        "structural_type_source": "assumed_default_for_region",
        "pga_g": 0.4568,
        "damage_state_probs": {
          "none": 0.0029,
          "slight": 0.0815,
          "moderate": 0.2567,
          "extensive": 0.2636,
          "collapse": 0.3954
        },
        "predicted_damage_state": "collapse",
        "ground_truth_damage_state": "collapse"
      }
    },
    {
      "type": "Feature",
      "geometry": {
        "type": "Polygon",
        "coordinates": [
          [
            [
              36.1564,
              36.209067
            ],
            [
              36.158267,
              36.209067
            ],
            [
              36.158267,
              36.209907
            ],
            [
              36.1564,
              36.209907
            ],
            [
              36.1564,
              36.209067
            ]
          ]
        ]
      },
      "properties": {
        "building_id": "bldg_antakya_000191",
        "height_m": 17.1,
        "height_source": "osm_levels",
        "structural_type": "CR/LFINF+CDM/H:4-7",
        "structural_type_source": "assumed_default_for_region",
        "pga_g": 0.4596,
        "damage_state_probs": {
          "none": 0.0126,
          "slight": 0.1712,
          "moderate": 0.3451,
          "extensive": 0.2455,
          "collapse": 0.2256
        },
        "predicted_damage_state": "moderate",
        "ground_truth_damage_state": "moderate"
      }
    },
    {
      "type": "Feature",
      "geometry": {
        "type": "Polygon",
        "coordinates": [
          [
            [
              36.1564,
              36.210093
            ],
            [
              36.158267,
              36.210093
            ],
            [
              36.158267,
              36.210933
            ],
            [
              36.1564,
              36.210933
            ],
            [
              36.1564,
              36.210093
            ]
          ]
        ]
      },
      "properties": {
        "building_id": "bldg_antakya_000192",
        "height_m": 5.1,
        "height_source": "google_open_buildings",
        "structural_type": "CR/LFINF+CDM/H:1-3",
        "structural_type_source": "assumed_default_for_region",
        "pga_g": 0.4589,
        "damage_state_probs": {
          "none": 0.0306,
          "slight": 0.2255,
          "moderate": 0.3625,
          "extensive": 0.2099,
          "collapse": 0.1715
        },
        "predicted_damage_state": "moderate",
        "ground_truth_damage_state": "moderate"
      }
    },
    {
      "type": "Feature",
      "geometry": {
        "type": "Polygon",
        "coordinates": [
          [
            [
              36.161733,
              36.209067
            ],
            [
              36.1636,
              36.209067
            ],
            [
              36.1636,
              36.209907
            ],
            [
              36.161733,
              36.209907
            ],
            [
              36.161733,
              36.209067
            ]
          ]
        ]
      },
      "properties": {
        "building_id": "bldg_antakya_000193",
        "height_m": 5.5,
        "height_source": "google_open_buildings",
        "structural_type": "CR/LFINF+CDM/H:1-3",
        "structural_type_source": "assumed_default_for_region",
        "pga_g": 0.4637,
        "damage_state_probs": {
          "none": 0.0292,
          "slight": 0.2208,
          "moderate": 0.3619,
          "extensive": 0.2124,
          "collapse": 0.1756
        },
        "predicted_damage_state": "moderate",
        "ground_truth_damage_state": "extensive"
      }
    },
    {
      "type": "Feature",
      "geometry": {
        "type": "Polygon",
        "coordinates": [
          [
            [
              36.161733,
              36.210093
            ],
            [
              36.1636,
              36.210093
            ],
            [
              36.1636,
              36.210933
            ],
            [
              36.161733,
              36.210933
            ],
            [
              36.161733,
              36.210093
            ]
          ]
        ]
      },
      "properties": {
        "building_id": "bldg_antakya_000194",
        "height_m": 15.9,
        "height_source": "osm_levels",
        "structural_type": "CR/LFINF+CDM/H:4-7",
        "structural_type_source": "assumed_default_for_region",
        "pga_g": 0.4631,
        "damage_state_probs": {
          "none": 0.0121,
          "slight": 0.1681,
          "moderate": 0.3437,
          "extensive": 0.2471,
          "collapse": 0.2291
        },
        "predicted_damage_state": "moderate",
        "ground_truth_damage_state": "moderate"
      }
    },
    {
      "type": "Feature",
      "geometry": {
        "type": "Polygon",
        "coordinates": [
          [
            [
              36.1644,
              36.209067
            ],
            [
              36.166267,
              36.209067
            ],
            [
              36.166267,
              36.209907
            ],
            [
              36.1644,
              36.209907
            ],
            [
              36.1644,
              36.209067
            ]
          ]
        ]
      },
      "properties": {
        "building_id": "bldg_antakya_000195",
        "height_m": 5.6,
        "height_source": "google_open_buildings",
        "structural_type": "CR/LFINF+CDM/H:1-3",
        "structural_type_source": "assumed_default_for_region",
        "pga_g": 0.4656,
        "damage_state_probs": {
          "none": 0.0287,
          "slight": 0.219,
          "moderate": 0.3617,
          "extensive": 0.2134,
          "collapse": 0.1772
        },
        "predicted_damage_state": "moderate",
        "ground_truth_damage_state": "moderate"
      }
    },
    {
      "type": "Feature",
      "geometry": {
        "type": "Polygon",
        "coordinates": [
          [
            [
              36.1644,
              36.210093
            ],
            [
              36.166267,
              36.210093
            ],
            [
              36.166267,
              36.210933
            ],
            [
              36.1644,
              36.210933
            ],
            [
              36.1644,
              36.210093
            ]
          ]
        ]
      },
      "properties": {
        "building_id": "bldg_antakya_000196",
        "height_m": 5.1,
        "height_source": "google_open_buildings",
        "structural_type": "URM/LWAL/H:1-2",
        "structural_type_source": "assumed_default_for_region",
        "pga_g": 0.465,
        "damage_state_probs": {
          "none": 0.0026,
          "slight": 0.0772,
          "moderate": 0.2512,
          "extensive": 0.2637,
          "collapse": 0.4052
        },
        "predicted_damage_state": "collapse",
        "ground_truth_damage_state": "extensive"
      }
    },
    {
      "type": "Feature",
      "geometry": {
        "type": "Polygon",
        "coordinates": [
          [
            [
              36.167067,
              36.209067
            ],
            [
              36.168933,
              36.209067
            ],
            [
              36.168933,
              36.209907
            ],
            [
              36.167067,
              36.209907
            ],
            [
              36.167067,
              36.209067
            ]
          ]
        ]
      },
      "properties": {
        "building_id": "bldg_antakya_000197",
        "height_m": 30.7,
        "height_source": "assumed_regional_average",
        "structural_type": "CR/LFINF+CDM/H:8+",
        "structural_type_source": "assumed_default_for_region",
        "pga_g": 0.4674,
        "damage_state_probs": {
          "none": 0.0033,
          "slight": 0.1095,
          "moderate": 0.3165,
          "extensive": 0.2887,
          "collapse": 0.282
        },
        "predicted_damage_state": "moderate",
        "ground_truth_damage_state": "moderate"
      }
    },
    {
      "type": "Feature",
      "geometry": {
        "type": "Polygon",
        "coordinates": [
          [
            [
              36.167067,
              36.210093
            ],
            [
              36.168933,
              36.210093
            ],
            [
              36.168933,
              36.210933
            ],
            [
              36.167067,
              36.210933
            ],
            [
              36.167067,
              36.210093
            ]
          ]
        ]
      },
      "properties": {
        "building_id": "bldg_antakya_000198",
        "height_m": 4.9,
        "height_source": "google_open_buildings",
        "structural_type": "CR/LFINF+CDM/H:1-3",
        "structural_type_source": "assumed_default_for_region",
        "pga_g": 0.4668,
        "damage_state_probs": {
          "none": 0.0283,
          "slight": 0.2179,
          "moderate": 0.3615,
          "extensive": 0.214,
          "collapse": 0.1783
        },
        "predicted_damage_state": "moderate",
        "ground_truth_damage_state": "moderate"
      }
    },
    {
      "type": "Feature",
      "geometry": {
        "type": "Polygon",
        "coordinates": [
          [
            [
              36.169733,
              36.209067
            ],
            [
              36.1716,
              36.209067
            ],
            [
              36.1716,
              36.209907
            ],
            [
              36.169733,
              36.209907
            ],
            [
              36.169733,
              36.209067
            ]
          ]
        ]
      },
      "properties": {
        "building_id": "bldg_antakya_000199",
        "height_m": 16.8,
        "height_source": "osm_levels",
        "structural_type": "CR/LFINF+CDM/H:4-7",
        "structural_type_source": "assumed_default_for_region",
        "pga_g": 0.4691,
        "damage_state_probs": {
          "none": 0.0113,
          "slight": 0.1628,
          "moderate": 0.3412,
          "extensive": 0.2496,
          "collapse": 0.2352
        },
        "predicted_damage_state": "moderate",
        "ground_truth_damage_state": "slight"
      }
    },
    {
      "type": "Feature",
      "geometry": {
        "type": "Polygon",
        "coordinates": [
          [
            [
              36.169733,
              36.210093
            ],
            [
              36.1716,
              36.210093
            ],
            [
              36.1716,
              36.210933
            ],
            [
              36.169733,
              36.210933
            ],
            [
              36.169733,
              36.210093
            ]
          ]
        ]
      },
      "properties": {
        "building_id": "bldg_antakya_000200",
        "height_m": 23.9,
        "height_source": "osm_levels",
        "structural_type": "CR/LFINF+CDM/H:8+",
        "structural_type_source": "assumed_default_for_region",
        "pga_g": 0.4686,
        "damage_state_probs": {
          "none": 0.0032,
          "slight": 0.1087,
          "moderate": 0.3157,
          "extensive": 0.289,
          "collapse": 0.2834
        },
        "predicted_damage_state": "moderate",
        "ground_truth_damage_state": "slight"
      }
    },
    {
      "type": "Feature",
      "geometry": {
        "type": "Polygon",
        "coordinates": [
          [
            [
              36.1724,
              36.209067
            ],
            [
              36.174267,
              36.209067
            ],
            [
              36.174267,
              36.209907
            ],
            [
              36.1724,
              36.209907
            ],
            [
              36.1724,
              36.209067
            ]
          ]
        ]
      },
      "properties": {
        "building_id": "bldg_antakya_000201",
        "height_m": 17.7,
        "height_source": "osm_levels",
        "structural_type": "CR/LFINF+CDM/H:4-7",
        "structural_type_source": "assumed_default_for_region",
        "pga_g": 0.4708,
        "damage_state_probs": {
          "none": 0.0111,
          "slight": 0.1613,
          "moderate": 0.3405,
          "extensive": 0.2503,
          "collapse": 0.2369
        },
        "predicted_damage_state": "moderate",
        "ground_truth_damage_state": "moderate"
      }
    },
    {
      "type": "Feature",
      "geometry": {
        "type": "Polygon",
        "coordinates": [
          [
            [
              36.1724,
              36.210093
            ],
            [
              36.174267,
              36.210093
            ],
            [
              36.174267,
              36.210933
            ],
            [
              36.1724,
              36.210933
            ],
            [
              36.1724,
              36.210093
            ]
          ]
        ]
      },
      "properties": {
        "building_id": "bldg_antakya_000202",
        "height_m": 21.7,
        "height_source": "osm_levels",
        "structural_type": "CR/LFINF+CDM/H:4-7",
        "structural_type_source": "assumed_default_for_region",
        "pga_g": 0.4703,
        "damage_state_probs": {
          "none": 0.0111,
          "slight": 0.1617,
          "moderate": 0.3407,
          "extensive": 0.2501,
          "collapse": 0.2364
        },
        "predicted_damage_state": "moderate",
        "ground_truth_damage_state": "moderate"
      }
    },
    {
      "type": "Feature",
      "geometry": {
        "type": "Polygon",
        "coordinates": [
          [
            [
              36.175067,
              36.209067
            ],
            [
              36.176933,
              36.209067
            ],
            [
              36.176933,
              36.209907
            ],
            [
              36.175067,
              36.209907
            ],
            [
              36.175067,
              36.209067
            ]
          ]
        ]
      },
      "properties": {
        "building_id": "bldg_antakya_000203",
        "height_m": 21.0,
        "height_source": "osm_levels",
        "structural_type": "CR/LFINF+CDM/H:4-7",
        "structural_type_source": "assumed_default_for_region",
        "pga_g": 0.4723,
        "damage_state_probs": {
          "none": 0.0109,
          "slight": 0.16,
          "moderate": 0.3398,
          "extensive": 0.2509,
          "collapse": 0.2384
        },
        "predicted_damage_state": "moderate",
        "ground_truth_damage_state": "moderate"
      }
    },
    {
      "type": "Feature",
      "geometry": {
        "type": "Polygon",
        "coordinates": [
          [
            [
              36.175067,
              36.210093
            ],
            [
              36.176933,
              36.210093
            ],
            [
              36.176933,
              36.210933
            ],
            [
              36.175067,
              36.210933
            ],
            [
              36.175067,
              36.210093
            ]
          ]
        ]
      },
      "properties": {
        "building_id": "bldg_antakya_000204",
        "height_m": 21.3,
        "height_source": "osm_levels",
        "structural_type": "CR/LFINF+CDM/H:4-7",
        "structural_type_source": "assumed_default_for_region",
        "pga_g": 0.4718,
        "damage_state_probs": {
          "none": 0.011,
          "slight": 0.1604,
          "moderate": 0.3401,
          "extensive": 0.2507,
          "collapse": 0.2379
        },
        "predicted_damage_state": "moderate",
        "ground_truth_damage_state": "extensive"
      }
    },
    {
      "type": "Feature",
      "geometry": {
        "type": "Polygon",
        "coordinates": [
          [
            [
              36.1404,
              36.211733
            ],
            [
              36.142267,
              36.211733
            ],
            [
              36.142267,
              36.212573
            ],
            [
              36.1404,
              36.212573
            ],
            [
              36.1404,
              36.211733
            ]
          ]
        ]
      },
      "properties": {
        "building_id": "bldg_antakya_000205",
        "height_m": 22.5,
        "height_source": "osm_levels",
        "structural_type": "CR/LFINF+CDM/H:8+",
        "structural_type_source": "assumed_default_for_region",
        "pga_g": 0.4437,
        "damage_state_probs": {
          "none": 0.0045,
          "slight": 0.1275,
          "moderate": 0.3316,
          "extensive": 0.2808,
          "collapse": 0.2556
        },
        "predicted_damage_state": "moderate",
        "ground_truth_damage_state": "moderate"
      }
    },
    {
      "type": "Feature",
      "geometry": {
        "type": "Polygon",
        "coordinates": [
          [
            [
              36.1404,
              36.21276
            ],
            [
              36.142267,
              36.21276
            ],
            [
              36.142267,
              36.2136
            ],
            [
              36.1404,
              36.2136
            ],
            [
              36.1404,
              36.21276
            ]
          ]
        ]
      },
      "properties": {
        "building_id": "bldg_antakya_000206",
        "height_m": 13.6,
        "height_source": "osm_levels",
        "structural_type": "CR/LFINF+CDM/H:4-7",
        "structural_type_source": "assumed_default_for_region",
        "pga_g": 0.4429,
        "damage_state_probs": {
          "none": 0.0152,
          "slight": 0.187,
          "moderate": 0.3511,
          "extensive": 0.2378,
          "collapse": 0.2089
        },
        "predicted_damage_state": "moderate",
        "ground_truth_damage_state": "moderate"
      }
    },
    {
      "type": "Feature",
      "geometry": {
        "type": "Polygon",
        "coordinates": [
          [
            [
              36.143067,
              36.211733
            ],
            [
              36.144933,
              36.211733
            ],
            [
              36.144933,
              36.212573
            ],
            [
              36.143067,
              36.212573
            ],
            [
              36.143067,
              36.211733
            ]
          ]
        ]
      },
      "properties": {
        "building_id": "bldg_antakya_000207",
        "height_m": 15.8,
        "height_source": "osm_levels",
        "structural_type": "CR/LFINF+CDM/H:4-7",
        "structural_type_source": "assumed_default_for_region",
        "pga_g": 0.4462,
        "damage_state_probs": {
          "none": 0.0146,
          "slight": 0.1838,
          "moderate": 0.35,
          "extensive": 0.2394,
          "collapse": 0.2122
        },
        "predicted_damage_state": "moderate",
        "ground_truth_damage_state": "moderate"
      }
    },
    {
      "type": "Feature",
      "geometry": {
        "type": "Polygon",
        "coordinates": [
          [
            [
              36.143067,
              36.21276
            ],
            [
              36.144933,
              36.21276
            ],
            [
              36.144933,
              36.2136
            ],
            [
              36.143067,
              36.2136
            ],
            [
              36.143067,
              36.21276
            ]
          ]
        ]
      },
      "properties": {
        "building_id": "bldg_antakya_000208",
        "height_m": 21.1,
        "height_source": "osm_levels",
        "structural_type": "CR/LFINF+CDM/H:4-7",
        "structural_type_source": "assumed_default_for_region",
        "pga_g": 0.4454,
        "damage_state_probs": {
          "none": 0.0148,
          "slight": 0.1846,
          "moderate": 0.3503,
          "extensive": 0.239,
          "collapse": 0.2114
        },
        "predicted_damage_state": "moderate",
        "ground_truth_damage_state": "moderate"
      }
    },
    {
      "type": "Feature",
      "geometry": {
        "type": "Polygon",
        "coordinates": [
          [
            [
              36.145733,
              36.211733
            ],
            [
              36.1476,
              36.211733
            ],
            [
              36.1476,
              36.212573
            ],
            [
              36.145733,
              36.212573
            ],
            [
              36.145733,
              36.211733
            ]
          ]
        ]
      },
      "properties": {
        "building_id": "bldg_antakya_000209",
        "height_m": 13.6,
        "height_source": "osm_levels",
        "structural_type": "CR/LFINF+CDM/H:4-7",
        "structural_type_source": "assumed_default_for_region",
        "pga_g": 0.4486,
        "damage_state_probs": {
          "none": 0.0142,
          "slight": 0.1815,
          "moderate": 0.3492,
          "extensive": 0.2405,
          "collapse": 0.2146
        },
        "predicted_damage_state": "moderate",
        "ground_truth_damage_state": "moderate"
      }
    },
    {
      "type": "Feature",
      "geometry": {
        "type": "Polygon",
        "coordinates": [
          [
            [
              36.145733,
              36.21276
            ],
            [
              36.1476,
              36.21276
            ],
            [
              36.1476,
              36.2136
            ],
            [
              36.145733,
              36.2136
            ],
            [
              36.145733,
              36.21276
            ]
          ]
        ]
      },
      "properties": {
        "building_id": "bldg_antakya_000210",
        "height_m": 4.9,
        "height_source": "google_open_buildings",
        "structural_type": "URM/LWAL/H:1-2",
        "structural_type_source": "assumed_default_for_region",
        "pga_g": 0.4479,
        "damage_state_probs": {
          "none": 0.0032,
          "slight": 0.0863,
          "moderate": 0.2627,
          "extensive": 0.2632,
          "collapse": 0.3846
        },
        "predicted_damage_state": "collapse",
        "ground_truth_damage_state": "extensive"
      }
    },
    {
      "type": "Feature",
      "geometry": {
        "type": "Polygon",
        "coordinates": [
          [
            [
              36.1484,
              36.211733
            ],
            [
              36.150267,
              36.211733
            ],
            [
              36.150267,
              36.212573
            ],
            [
              36.1484,
              36.212573
            ],
            [
              36.1484,
              36.211733
            ]
          ]
        ]
      },
      "properties": {
        "building_id": "bldg_antakya_000211",
        "height_m": 15.2,
        "height_source": "osm_levels",
        "structural_type": "CR/LFINF+CDM/H:4-7",
        "structural_type_source": "assumed_default_for_region",
        "pga_g": 0.451,
        "damage_state_probs": {
          "none": 0.0138,
          "slight": 0.1792,
          "moderate": 0.3483,
          "extensive": 0.2417,
          "collapse": 0.217
        },
        "predicted_damage_state": "moderate",
        "ground_truth_damage_state": "extensive"
      }
    },
    {
      "type": "Feature",
      "geometry": {
        "type": "Polygon",
        "coordinates": [
          [
            [
              36.1484,
              36.21276
            ],
            [
              36.150267,
              36.21276
            ],
            [
              36.150267,
              36.2136
            ],
            [
              36.1484,
              36.2136
            ],
            [
              36.1484,
              36.21276
            ]
          ]
        ]
      },
      "properties": {
        "building_id": "bldg_antakya_000212",
        "height_m": 4.8,
        "height_source": "google_open_buildings",
        "structural_type": "CR/LFINF+CDM/H:1-3",
        "structural_type_source": "assumed_default_for_region",
        "pga_g": 0.4503,
        "damage_state_probs": {
          "none": 0.0333,
          "slight": 0.2339,
          "moderate": 0.3633,
          "extensive": 0.2053,
          "collapse": 0.1642
        },
        "predicted_damage_state": "moderate",
        "ground_truth_damage_state": "slight"
      }
    },
    {
      "type": "Feature",
      "geometry": {
        "type": "Polygon",
        "coordinates": [
          [
            [
              36.151067,
              36.211733
            ],
            [
              36.152933,
              36.211733
            ],
            [
              36.152933,
              36.212573
            ],
            [
              36.151067,
              36.212573
            ],
            [
              36.151067,
              36.211733
            ]
          ]
        ]
      },
      "properties": {
        "building_id": "bldg_antakya_000213",
        "height_m": 18.4,
        "height_source": "osm_levels",
        "structural_type": "CR/LFINF+CDM/H:4-7",
        "structural_type_source": "assumed_default_for_region",
        "pga_g": 0.4534,
        "damage_state_probs": {
          "none": 0.0135,
          "slight": 0.1769,
          "moderate": 0.3474,
          "extensive": 0.2428,
          "collapse": 0.2194
        },
        "predicted_damage_state": "moderate",
        "ground_truth_damage_state": "moderate"
      }
    },
    {
      "type": "Feature",
      "geometry": {
        "type": "Polygon",
        "coordinates": [
          [
            [
              36.151067,
              36.21276
            ],
            [
              36.152933,
              36.21276
            ],
            [
              36.152933,
              36.2136
            ],
            [
              36.151067,
              36.2136
            ],
            [
              36.151067,
              36.21276
            ]
          ]
        ]
      },
      "properties": {
        "building_id": "bldg_antakya_000214",
        "height_m": 15.3,
        "height_source": "osm_levels",
        "structural_type": "CR/LFINF+CDM/H:4-7",
        "structural_type_source": "assumed_default_for_region",
        "pga_g": 0.4527,
        "damage_state_probs": {
          "none": 0.0136,
          "slight": 0.1776,
          "moderate": 0.3477,
          "extensive": 0.2425,
          "collapse": 0.2187
        },
        "predicted_damage_state": "moderate",
        "ground_truth_damage_state": "extensive"
      }
    },
    {
      "type": "Feature",
      "geometry": {
        "type": "Polygon",
        "coordinates": [
          [
            [
              36.153733,
              36.211733
            ],
            [
              36.1556,
              36.211733
            ],
            [
              36.1556,
              36.212573
            ],
            [
              36.153733,
              36.212573
            ],
            [
              36.153733,
              36.211733
            ]
          ]
        ]
      },
      "properties": {
        "building_id": "bldg_antakya_000215",
        "height_m": 13.2,
        "height_source": "osm_levels",
        "structural_type": "CR/LFINF+CDM/H:4-7",
        "structural_type_source": "assumed_default_for_region",
        "pga_g": 0.4557,
        "damage_state_probs": {
          "none": 0.0131,
          "slight": 0.1748,
          "moderate": 0.3466,
          "extensive": 0.2438,
          "collapse": 0.2217
        },
        "predicted_damage_state": "moderate",
        "ground_truth_damage_state": "moderate"
      }
    },
    {
      "type": "Feature",
      "geometry": {
        "type": "Polygon",
        "coordinates": [
          [
            [
              36.153733,
              36.21276
            ],
            [
              36.1556,
              36.21276
            ],
            [
              36.1556,
              36.2136
            ],
            [
              36.153733,
              36.2136
            ],
            [
              36.153733,
              36.21276
            ]
          ]
        ]
      },
      "properties": {
        "building_id": "bldg_antakya_000216",
        "height_m": 17.4,
        "height_source": "osm_levels",
        "structural_type": "CR/LFINF+CDM/H:4-7",
        "structural_type_source": "assumed_default_for_region",
        "pga_g": 0.4549,
        "damage_state_probs": {
          "none": 0.0132,
          "slight": 0.1755,
          "moderate": 0.3469,
          "extensive": 0.2435,
          "collapse": 0.2209
        },
        "predicted_damage_state": "moderate",
        "ground_truth_damage_state": "moderate"
      }
    },
    {
      "type": "Feature",
      "geometry": {
        "type": "Polygon",
        "coordinates": [
          [
            [
              36.159067,
              36.211733
            ],
            [
              36.160933,
              36.211733
            ],
            [
              36.160933,
              36.212573
            ],
            [
              36.159067,
              36.212573
            ],
            [
              36.159067,
              36.211733
            ]
          ]
        ]
      },
      "properties": {
        "building_id": "bldg_antakya_000217",
        "height_m": 16.2,
        "height_source": "osm_levels",
        "structural_type": "CR/LFINF+CDM/H:4-7",
        "structural_type_source": "assumed_default_for_region",
        "pga_g": 0.46,
        "damage_state_probs": {
          "none": 0.0125,
          "slight": 0.1709,
          "moderate": 0.3449,
          "extensive": 0.2457,
          "collapse": 0.226
        },
        "predicted_damage_state": "moderate",
        "ground_truth_damage_state": "extensive"
      }
    },
    {
      "type": "Feature",
      "geometry": {
        "type": "Polygon",
        "coordinates": [
          [
            [
              36.159067,
              36.21276
            ],
            [
              36.160933,
              36.21276
            ],
            [
              36.160933,
              36.2136
            ],
            [
              36.159067,
              36.2136
            ],
            [
              36.159067,
              36.21276
            ]
          ]
        ]
      },
      "properties": {
        "building_id": "bldg_antakya_000218",
        "height_m": 22.6,
        "height_source": "osm_levels",
        "structural_type": "CR/LFINF+CDM/H:8+",
        "structural_type_source": "assumed_default_for_region",
        "pga_g": 0.4593,
        "damage_state_probs": {
          "none": 0.0036,
          "slight": 0.1153,
          "moderate": 0.3218,
          "extensive": 0.2862,
          "collapse": 0.273
        },
        "predicted_damage_state": "moderate",
        "ground_truth_damage_state": "moderate"
      }
    },
    {
      "type": "Feature",
      "geometry": {
        "type": "Polygon",
        "coordinates": [
          [
            [
              36.161733,
              36.211733
            ],
            [
              36.1636,
              36.211733
            ],
            [
              36.1636,
              36.212573
            ],
            [
              36.161733,
              36.212573
            ],
            [
              36.161733,
              36.211733
            ]
          ]
        ]
      },
      "properties": {
        "building_id": "bldg_antakya_000219",
        "height_m": 12.0,
        "height_source": "osm_levels",
        "structural_type": "CR/LFINF+CDM/H:4-7",
        "structural_type_source": "assumed_default_for_region",
        "pga_g": 0.4621,
        "damage_state_probs": {
          "none": 0.0122,
          "slight": 0.169,
          "moderate": 0.3441,
          "extensive": 0.2466,
          "collapse": 0.2281
        },
        "predicted_damage_state": "moderate",
        "ground_truth_damage_state": "moderate"
      }
    },
    {
      "type": "Feature",
      "geometry": {
        "type": "Polygon",
        "coordinates": [
          [
            [
              36.161733,
              36.21276
            ],
            [
              36.1636,
              36.21276
            ],
            [
              36.1636,
              36.2136
            ],
            [
              36.161733,
              36.2136
            ],
            [
              36.161733,
              36.21276
            ]
          ]
        ]
      },
      "properties": {
        "building_id": "bldg_antakya_000220",
        "height_m": 16.5,
        "height_source": "osm_levels",
        "structural_type": "CR/LFINF+CDM/H:4-7",
        "structural_type_source": "assumed_default_for_region",
        "pga_g": 0.4614,
        "damage_state_probs": {
          "none": 0.0123,
          "slight": 0.1696,
          "moderate": 0.3444,
          "extensive": 0.2463,
          "collapse": 0.2274
        },
        "predicted_damage_state": "moderate",
        "ground_truth_damage_state": "moderate"
      }
    },
    {
      "type": "Feature",
      "geometry": {
        "type": "Polygon",
        "coordinates": [
          [
            [
              36.1644,
              36.211733
            ],
            [
              36.166267,
              36.211733
            ],
            [
              36.166267,
              36.212573
            ],
            [
              36.1644,
              36.212573
            ],
            [
              36.1644,
              36.211733
            ]
          ]
        ]
      },
      "properties": {
        "building_id": "bldg_antakya_000221",
        "height_m": 23.7,
        "height_source": "osm_levels",
        "structural_type": "CR/LFINF+CDM/H:8+",
        "structural_type_source": "assumed_default_for_region",
        "pga_g": 0.464,
        "damage_state_probs": {
          "none": 0.0034,
          "slight": 0.1119,
          "moderate": 0.3187,
          "extensive": 0.2877,
          "collapse": 0.2783
        },
        "predicted_damage_state": "moderate",
        "ground_truth_damage_state": "moderate"
      }
    },
    {
      "type": "Feature",
      "geometry": {
        "type": "Polygon",
        "coordinates": [
          [
            [
              36.1644,
              36.21276
            ],
            [
              36.166267,
              36.21276
            ],
            [
              36.166267,
              36.2136
            ],
            [
              36.1644,
              36.2136
            ],
            [
              36.1644,
              36.21276
            ]
          ]
        ]
      },
      "properties": {
        "building_id": "bldg_antakya_000222",
        "height_m": 16.5,
        "height_source": "osm_levels",
        "structural_type": "CR/LFINF+CDM/H:4-7",
        "structural_type_source": "assumed_default_for_region",
        "pga_g": 0.4634,
        "damage_state_probs": {
          "none": 0.012,
          "slight": 0.1678,
          "moderate": 0.3436,
          "extensive": 0.2472,
          "collapse": 0.2294
        },
        "predicted_damage_state": "moderate",
        "ground_truth_damage_state": "moderate"
      }
    },
    {
      "type": "Feature",
      "geometry": {
        "type": "Polygon",
        "coordinates": [
          [
            [
              36.167067,
              36.211733
            ],
            [
              36.168933,
              36.211733
            ],
            [
              36.168933,
              36.212573
            ],
            [
              36.167067,
              36.212573
            ],
            [
              36.167067,
              36.211733
            ]
          ]
        ]
      },
      "properties": {
        "building_id": "bldg_antakya_000223",
        "height_m": 15.6,
        "height_source": "osm_levels",
        "structural_type": "CR/LFINF+CDM/H:4-7",
        "structural_type_source": "assumed_default_for_region",
        "pga_g": 0.4659,
        "damage_state_probs": {
          "none": 0.0117,
          "slight": 0.1656,
          "moderate": 0.3425,
          "extensive": 0.2482,
          "collapse": 0.2319
        },
        "predicted_damage_state": "moderate",
        "ground_truth_damage_state": "moderate"
      }
    },
    {
      "type": "Feature",
      "geometry": {
        "type": "Polygon",
        "coordinates": [
          [
            [
              36.167067,
              36.21276
            ],
            [
              36.168933,
              36.21276
            ],
            [
              36.168933,
              36.2136
            ],
            [
              36.167067,
              36.2136
            ],
            [
              36.167067,
              36.21276
            ]
          ]
        ]
      },
      "properties": {
        "building_id": "bldg_antakya_000224",
        "height_m": 13.3,
        "height_source": "osm_levels",
        "structural_type": "CR/LFINF+CDM/H:4-7",
        "structural_type_source": "assumed_default_for_region",
        "pga_g": 0.4653,
        "damage_state_probs": {
          "none": 0.0118,
          "slight": 0.1661,
          "moderate": 0.3428,
          "extensive": 0.248,
          "collapse": 0.2313
        },
        "predicted_damage_state": "moderate",
        "ground_truth_damage_state": "slight"
      }
    },
    {
      "type": "Feature",
      "geometry": {
        "type": "Polygon",
        "coordinates": [
          [
            [
              36.169733,
              36.211733
            ],
            [
              36.1716,
              36.211733
            ],
            [
              36.1716,
              36.212573
            ],
            [
              36.169733,
              36.212573
            ],
            [
              36.169733,
              36.211733
            ]
          ]
        ]
      },
      "properties": {
        "building_id": "bldg_antakya_000225",
        "height_m": 12.2,
        "height_source": "osm_levels",
        "structural_type": "CR/LFINF+CDM/H:4-7",
        "structural_type_source": "assumed_default_for_region",
        "pga_g": 0.4677,
        "damage_state_probs": {
          "none": 0.0115,
          "slight": 0.164,
          "moderate": 0.3418,
          "extensive": 0.249,
          "collapse": 0.2338
        },
        "predicted_damage_state": "moderate",
        "ground_truth_damage_state": "moderate"
      }
    },
    {
      "type": "Feature",
      "geometry": {
        "type": "Polygon",
        "coordinates": [
          [
            [
              36.169733,
              36.21276
            ],
            [
              36.1716,
              36.21276
            ],
            [
              36.1716,
              36.2136
            ],
            [
              36.169733,
              36.2136
            ],
            [
              36.169733,
              36.21276
            ]
          ]
        ]
      },
      "properties": {
        "building_id": "bldg_antakya_000226",
        "height_m": 16.1,
        "height_source": "osm_levels",
        "structural_type": "CR/LFINF+CDM/H:4-7",
        "structural_type_source": "assumed_default_for_region",
        "pga_g": 0.4672,
        "damage_state_probs": {
          "none": 0.0115,
          "slight": 0.1644,
          "moderate": 0.342,
          "extensive": 0.2488,
          "collapse": 0.2333
        },
        "predicted_damage_state": "moderate",
        "ground_truth_damage_state": "extensive"
      }
    },
    {
      "type": "Feature",
      "geometry": {
        "type": "Polygon",
        "coordinates": [
          [
            [
              36.1724,
              36.211733
            ],
            [
              36.174267,
              36.211733
            ],
            [
              36.174267,
              36.212573
            ],
            [
              36.1724,
              36.212573
            ],
            [
              36.1724,
              36.211733
            ]
          ]
        ]
      },
      "properties": {
        "building_id": "bldg_antakya_000227",
        "height_m": 13.0,
        "height_source": "osm_levels",
        "structural_type": "CR/LFINF+CDM/H:4-7",
        "structural_type_source": "assumed_default_for_region",
        "pga_g": 0.4694,
        "damage_state_probs": {
          "none": 0.0113,
          "slight": 0.1625,
          "moderate": 0.3411,
          "extensive": 0.2497,
          "collapse": 0.2355
        },
        "predicted_damage_state": "moderate",
        "ground_truth_damage_state": "extensive"
      }
    },
    {
      "type": "Feature",
      "geometry": {
        "type": "Polygon",
        "coordinates": [
          [
            [
              36.1724,
              36.21276
            ],
            [
              36.174267,
              36.21276
            ],
            [
              36.174267,
              36.2136
            ],
            [
              36.1724,
              36.2136
            ],
            [
              36.1724,
              36.21276
            ]
          ]
        ]
      },
      "properties": {
        "building_id": "bldg_antakya_000228",
        "height_m": 12.8,
        "height_source": "osm_levels",
        "structural_type": "CR/LFINF+CDM/H:4-7",
        "structural_type_source": "assumed_default_for_region",
        "pga_g": 0.4689,
        "damage_state_probs": {
          "none": 0.0113,
          "slight": 0.1629,
          "moderate": 0.3413,
          "extensive": 0.2495,
          "collapse": 0.235
        },
        "predicted_damage_state": "moderate",
        "ground_truth_damage_state": "moderate"
      }
    },
    {
      "type": "Feature",
      "geometry": {
        "type": "Polygon",
        "coordinates": [
          [
            [
              36.177733,
              36.211733
            ],
            [
              36.1796,
              36.211733
            ],
            [
              36.1796,
              36.212573
            ],
            [
              36.177733,
              36.212573
            ],
            [
              36.177733,
              36.211733
            ]
          ]
        ]
      },
      "properties": {
        "building_id": "bldg_antakya_000229",
        "height_m": 12.2,
        "height_source": "osm_levels",
        "structural_type": "CR/LFINF+CDM/H:4-7",
        "structural_type_source": "assumed_default_for_region",
        "pga_g": 0.4726,
        "damage_state_probs": {
          "none": 0.0109,
          "slight": 0.1598,
          "moderate": 0.3397,
          "extensive": 0.251,
          "collapse": 0.2387
        },
        "predicted_damage_state": "moderate",
        "ground_truth_damage_state": "moderate"
      }
    },
    {
      "type": "Feature",
      "geometry": {
        "type": "Polygon",
        "coordinates": [
          [
            [
              36.177733,
              36.21276
            ],
            [
              36.1796,
              36.21276
            ],
            [
              36.1796,
              36.2136
            ],
            [
              36.177733,
              36.2136
            ],
            [
              36.177733,
              36.21276
            ]
          ]
        ]
      },
      "properties": {
        "building_id": "bldg_antakya_000230",
        "height_m": 15.4,
        "height_source": "osm_levels",
        "structural_type": "CR/LFINF+CDM/H:4-7",
        "structural_type_source": "assumed_default_for_region",
        "pga_g": 0.4721,
        "damage_state_probs": {
          "none": 0.0109,
          "slight": 0.1602,
          "moderate": 0.3399,
          "extensive": 0.2508,
          "collapse": 0.2382
        },
        "predicted_damage_state": "moderate",
        "ground_truth_damage_state": "moderate"
      }
    },
    {
      "type": "Feature",
      "geometry": {
        "type": "Polygon",
        "coordinates": [
          [
            [
              36.1404,
              36.2144
            ],
            [
              36.142267,
              36.2144
            ],
            [
              36.142267,
              36.21524
            ],
            [
              36.1404,
              36.21524
            ],
            [
              36.1404,
              36.2144
            ]
          ]
        ]
      },
      "properties": {
        "building_id": "bldg_antakya_000231",
        "height_m": 5.5,
        "height_source": "google_open_buildings",
        "structural_type": "URM/LWAL/H:1-2",
        "structural_type_source": "assumed_default_for_region",
        "pga_g": 0.4416,
        "damage_state_probs": {
          "none": 0.0035,
          "slight": 0.0899,
          "moderate": 0.2669,
          "extensive": 0.2628,
          "collapse": 0.3769
        },
        "predicted_damage_state": "collapse",
        "ground_truth_damage_state": "collapse"
      }
    },
    {
      "type": "Feature",
      "geometry": {
        "type": "Polygon",
        "coordinates": [
          [
            [
              36.1404,
              36.215427
            ],
            [
              36.142267,
              36.215427
            ],
            [
              36.142267,
              36.216267
            ],
            [
              36.1404,
              36.216267
            ],
            [
              36.1404,
              36.215427
            ]
          ]
        ]
      },
      "properties": {
        "building_id": "bldg_antakya_000232",
        "height_m": 12.3,
        "height_source": "osm_levels",
        "structural_type": "CR/LFINF+CDM/H:4-7",
        "structural_type_source": "assumed_default_for_region",
        "pga_g": 0.4408,
        "damage_state_probs": {
          "none": 0.0155,
          "slight": 0.1891,
          "moderate": 0.3518,
          "extensive": 0.2368,
          "collapse": 0.2068
        },
        "predicted_damage_state": "moderate",
        "ground_truth_damage_state": "extensive"
      }
    },
    {
      "type": "Feature",
      "geometry": {
        "type": "Polygon",
        "coordinates": [
          [
            [
              36.143067,
              36.2144
            ],
            [
              36.144933,
              36.2144
            ],
            [
              36.144933,
              36.21524
            ],
            [
              36.143067,
              36.21524
            ],
            [
              36.143067,
              36.2144
            ]
          ]
        ]
      },
      "properties": {
        "building_id": "bldg_antakya_000233",
        "height_m": 13.3,
        "height_source": "osm_levels",
        "structural_type": "CR/LFINF+CDM/H:4-7",
        "structural_type_source": "assumed_default_for_region",
        "pga_g": 0.4441,
        "damage_state_probs": {
          "none": 0.015,
          "slight": 0.1859,
          "moderate": 0.3507,
          "extensive": 0.2384,
          "collapse": 0.2101
        },
        "predicted_damage_state": "moderate",
        "ground_truth_damage_state": "extensive"
      }
    },
    {
      "type": "Feature",
      "geometry": {
        "type": "Polygon",
        "coordinates": [
          [
            [
              36.143067,
              36.215427
            ],
            [
              36.144933,
              36.215427
            ],
            [
              36.144933,
              36.216267
            ],
            [
              36.143067,
              36.216267
            ],
            [
              36.143067,
              36.215427
            ]
          ]
        ]
      },
      "properties": {
        "building_id": "bldg_antakya_000234",
        "height_m": 16.6,
        "height_source": "osm_levels",
        "structural_type": "CR/LFINF+CDM/H:4-7",
        "structural_type_source": "assumed_default_for_region",
        "pga_g": 0.4433,
        "damage_state_probs": {
          "none": 0.0151,
          "slight": 0.1866,
          "moderate": 0.351,
          "extensive": 0.238,
          "collapse": 0.2093
        },
        "predicted_damage_state": "moderate",
        "ground_truth_damage_state": "moderate"
      }
    },
    {
      "type": "Feature",
      "geometry": {
        "type": "Polygon",
        "coordinates": [
          [
            [
              36.145733,
              36.2144
            ],
            [
              36.1476,
              36.2144
            ],
            [
              36.1476,
              36.21524
            ],
            [
              36.145733,
              36.21524
            ],
            [
              36.145733,
              36.2144
            ]
          ]
        ]
      },
      "properties": {
        "building_id": "bldg_antakya_000235",
        "height_m": 16.5,
        "height_source": "osm_levels",
        "structural_type": "CR/LFINF+CDM/H:4-7",
        "structural_type_source": "assumed_default_for_region",
        "pga_g": 0.4466,
        "damage_state_probs": {
          "none": 0.0146,
          "slight": 0.1834,
          "moderate": 0.3499,
          "extensive": 0.2396,
          "collapse": 0.2126
        },
        "predicted_damage_state": "moderate",
        "ground_truth_damage_state": "moderate"
      }
    },
    {
      "type": "Feature",
      "geometry": {
        "type": "Polygon",
        "coordinates": [
          [
            [
              36.145733,
              36.215427
            ],
            [
              36.1476,
              36.215427
            ],
            [
              36.1476,
              36.216267
            ],
            [
              36.145733,
              36.216267
            ],
            [
              36.145733,
              36.215427
            ]
          ]
        ]
      },
      "properties": {
        "building_id": "bldg_antakya_000236",
        "height_m": 19.5,
        "height_source": "osm_levels",
        "structural_type": "CR/LFINF+CDM/H:4-7",
        "structural_type_source": "assumed_default_for_region",
        "pga_g": 0.4459,
        "damage_state_probs": {
          "none": 0.0147,
          "slight": 0.1841,
          "moderate": 0.3501,
          "extensive": 0.2393,
          "collapse": 0.2119
        },
        "predicted_damage_state": "moderate",
        "ground_truth_damage_state": "moderate"
      }
    },
    {
      "type": "Feature",
      "geometry": {
        "type": "Polygon",
        "coordinates": [
          [
            [
              36.1484,
              36.2144
            ],
            [
              36.150267,
              36.2144
            ],
            [
              36.150267,
              36.21524
            ],
            [
              36.1484,
              36.21524
            ],
            [
              36.1484,
              36.2144
            ]
          ]
        ]
      },
      "properties": {
        "building_id": "bldg_antakya_000237",
        "height_m": 4.5,
        "height_source": "google_open_buildings",
        "structural_type": "CR/LFINF+CDM/H:1-3",
        "structural_type_source": "assumed_default_for_region",
        "pga_g": 0.4491,
        "damage_state_probs": {
          "none": 0.0337,
          "slight": 0.2351,
          "moderate": 0.3634,
          "extensive": 0.2046,
          "collapse": 0.1632
        },
        "predicted_damage_state": "moderate",
        "ground_truth_damage_state": "moderate"
      }
    },
    {
      "type": "Feature",
      "geometry": {
        "type": "Polygon",
        "coordinates": [
          [
            [
              36.1484,
              36.215427
            ],
            [
              36.150267,
              36.215427
            ],
            [
              36.150267,
              36.216267
            ],
            [
              36.1484,
              36.216267
            ],
            [
              36.1484,
              36.215427
            ]
          ]
        ]
      },
      "properties": {
        "building_id": "bldg_antakya_000238",
        "height_m": 28.8,
        "height_source": "assumed_regional_average",
        "structural_type": "CR/LFINF+CDM/H:8+",
        "structural_type_source": "assumed_default_for_region",
        "pga_g": 0.4483,
        "damage_state_probs": {
          "none": 0.0042,
          "slight": 0.1238,
          "moderate": 0.3288,
          "extensive": 0.2825,
          "collapse": 0.2608
        },
        "predicted_damage_state": "moderate",
        "ground_truth_damage_state": "extensive"
      }
    },
    {
      "type": "Feature",
      "geometry": {
        "type": "Polygon",
        "coordinates": [
          [
            [
              36.151067,
              36.2144
            ],
            [
              36.152933,
              36.2144
            ],
            [
              36.152933,
              36.21524
            ],
            [
              36.151067,
              36.21524
            ],
            [
              36.151067,
              36.2144
            ]
          ]
        ]
      },
      "properties": {
        "building_id": "bldg_antakya_000239",
        "height_m": 22.7,
        "height_source": "osm_levels",
        "structural_type": "CR/LFINF+CDM/H:8+",
        "structural_type_source": "assumed_default_for_region",
        "pga_g": 0.4515,
        "damage_state_probs": {
          "none": 0.004,
          "slight": 0.1213,
          "moderate": 0.3267,
          "extensive": 0.2836,
          "collapse": 0.2643
        },
        "predicted_damage_state": "moderate",
        "ground_truth_damage_state": "slight"
      }
    },
    {
      "type": "Feature",
      "geometry": {
        "type": "Polygon",
        "coordinates": [
          [
            [
              36.151067,
              36.215427
            ],
            [
              36.152933,
              36.215427
            ],
            [
              36.152933,
              36.216267
            ],
            [
              36.151067,
              36.216267
            ],
            [
              36.151067,
              36.215427
            ]
          ]
        ]
      },
      "properties": {
        "building_id": "bldg_antakya_000240",
        "height_m": 22.5,
        "height_source": "osm_levels",
        "structural_type": "CR/LFINF+CDM/H:8+",
        "structural_type_source": "assumed_default_for_region",
        "pga_g": 0.4507,
        "damage_state_probs": {
          "none": 0.0041,
          "slight": 0.1219,
          "moderate": 0.3273,
          "extensive": 0.2834,
          "collapse": 0.2634
        },
        "predicted_damage_state": "moderate",
        "ground_truth_damage_state": "moderate"
      }
    },
    {
      "type": "Feature",
      "geometry": {
        "type": "Polygon",
        "coordinates": [
          [
            [
              36.1564,
              36.2144
            ],
            [
              36.158267,
              36.2144
            ],
            [
              36.158267,
              36.21524
            ],
            [
              36.1564,
              36.21524
            ],
            [
              36.1564,
              36.2144
            ]
          ]
        ]
      },
      "properties": {
        "building_id": "bldg_antakya_000241",
        "height_m": 27.2,
        "height_source": "assumed_regional_average",
        "structural_type": "CR/LFINF+CDM/H:8+",
        "structural_type_source": "assumed_default_for_region",
        "pga_g": 0.4561,
        "damage_state_probs": {
          "none": 0.0038,
          "slight": 0.1177,
          "moderate": 0.3238,
          "extensive": 0.2852,
          "collapse": 0.2695
        },
        "predicted_damage_state": "moderate",
        "ground_truth_damage_state": "moderate"
      }
    },
    {
      "type": "Feature",
      "geometry": {
        "type": "Polygon",
        "coordinates": [
          [
            [
              36.1564,
              36.215427
            ],
            [
              36.158267,
              36.215427
            ],
            [
              36.158267,
              36.216267
            ],
            [
              36.1564,
              36.216267
            ],
            [
              36.1564,
              36.215427
            ]
          ]
        ]
      },
      "properties": {
        "building_id": "bldg_antakya_000242",
        "height_m": 4.7,
        "height_source": "google_open_buildings",
        "structural_type": "URM/LWAL/H:1-2",
        "structural_type_source": "assumed_default_for_region",
        "pga_g": 0.4554,
        "damage_state_probs": {
          "none": 0.0029,
          "slight": 0.0822,
          "moderate": 0.2576,
          "extensive": 0.2635,
          "collapse": 0.3937
        },
        "predicted_damage_state": "collapse",
        "ground_truth_damage_state": "extensive"
      }
    },
    {
      "type": "Feature",
      "geometry": {
        "type": "Polygon",
        "coordinates": [
          [
            [
              36.159067,
              36.2144
            ],
            [
              36.160933,
              36.2144
            ],
            [
              36.160933,
              36.21524
            ],
            [
              36.159067,
              36.21524
            ],
            [
              36.159067,
              36.2144
            ]
          ]
        ]
      },
      "properties": {
        "building_id": "bldg_antakya_000243",
        "height_m": 21.4,
        "height_source": "osm_levels",
        "structural_type": "CR/LFINF+CDM/H:4-7",
        "structural_type_source": "assumed_default_for_region",
        "pga_g": 0.4583,
        "damage_state_probs": {
          "none": 0.0127,
          "slight": 0.1724,
          "moderate": 0.3456,
          "extensive": 0.245,
          "collapse": 0.2243
        },
        "predicted_damage_state": "moderate",
        "ground_truth_damage_state": "moderate"
      }
    },
    {
      "type": "Feature",
      "geometry": {
        "type": "Polygon",
        "coordinates": [
          [
            [
              36.159067,
              36.215427
            ],
            [
              36.160933,
              36.215427
            ],
            [
              36.160933,
              36.216267
            ],
            [
              36.159067,
              36.216267
            ],
            [
              36.159067,
              36.215427
            ]
          ]
        ]
      },
      "properties": {
        "building_id": "bldg_antakya_000244",
        "height_m": 16.2,
        "height_source": "osm_levels",
        "structural_type": "CR/LFINF+CDM/H:4-7",
        "structural_type_source": "assumed_default_for_region",
        "pga_g": 0.4576,
        "damage_state_probs": {
          "none": 0.0128,
          "slight": 0.1731,
          "moderate": 0.3458,
          "extensive": 0.2447,
          "collapse": 0.2236
        },
        "predicted_damage_state": "moderate",
        "ground_truth_damage_state": "extensive"
      }
    },
    {
      "type": "Feature",
      "geometry": {
        "type": "Polygon",
        "coordinates": [
          [
            [
              36.161733,
              36.2144
            ],
            [
              36.1636,
              36.2144
            ],
            [
              36.1636,
              36.21524
            ],
            [
              36.161733,
              36.21524
            ],
            [
              36.161733,
              36.2144
            ]
          ]
        ]
      },
      "properties": {
        "building_id": "bldg_antakya_000245",
        "height_m": 19.0,
        "height_source": "osm_levels",
        "structural_type": "CR/LFINF+CDM/H:4-7",
        "structural_type_source": "assumed_default_for_region",
        "pga_g": 0.4604,
        "damage_state_probs": {
          "none": 0.0125,
          "slight": 0.1705,
          "moderate": 0.3448,
          "extensive": 0.2459,
          "collapse": 0.2264
        },
        "predicted_damage_state": "moderate",
        "ground_truth_damage_state": "slight"
      }
    },
    {
      "type": "Feature",
      "geometry": {
        "type": "Polygon",
        "coordinates": [
          [
            [
              36.161733,
              36.215427
            ],
            [
              36.1636,
              36.215427
            ],
            [
              36.1636,
              36.216267
            ],
            [
              36.161733,
              36.216267
            ],
            [
              36.161733,
              36.215427
            ]
          ]
        ]
      },
      "properties": {
        "building_id": "bldg_antakya_000246",
        "height_m": 16.5,
        "height_source": "osm_levels",
        "structural_type": "CR/LFINF+CDM/H:4-7",
        "structural_type_source": "assumed_default_for_region",
        "pga_g": 0.4597,
        "damage_state_probs": {
          "none": 0.0125,
          "slight": 0.1711,
          "moderate": 0.345,
          "extensive": 0.2456,
          "collapse": 0.2257
        },
        "predicted_damage_state": "moderate",
        "ground_truth_damage_state": "moderate"
      }
    },
    {
      "type": "Feature",
      "geometry": {
        "type": "Polygon",
        "coordinates": [
          [
            [
              36.1644,
              36.2144
            ],
            [
              36.166267,
              36.2144
            ],
            [
              36.166267,
              36.21524
            ],
            [
              36.1644,
              36.21524
            ],
            [
              36.1644,
              36.2144
            ]
          ]
        ]
      },
      "properties": {
        "building_id": "bldg_antakya_000247",
        "height_m": 5.7,
        "height_source": "google_open_buildings",
        "structural_type": "CR/LFINF+CDM/H:1-3",
        "structural_type_source": "assumed_default_for_region",
        "pga_g": 0.4624,
        "damage_state_probs": {
          "none": 0.0296,
          "slight": 0.2221,
          "moderate": 0.3621,
          "extensive": 0.2118,
          "collapse": 0.1745
        },
        "predicted_damage_state": "moderate",
        "ground_truth_damage_state": "moderate"
      }
    },
    {
      "type": "Feature",
      "geometry": {
        "type": "Polygon",
        "coordinates": [
          [
            [
              36.1644,
              36.215427
            ],
            [
              36.166267,
              36.215427
            ],
            [
              36.166267,
              36.216267
            ],
            [
              36.1644,
              36.216267
            ],
            [
              36.1644,
              36.215427
            ]
          ]
        ]
      },
      "properties": {
        "building_id": "bldg_antakya_000248",
        "height_m": 4.5,
        "height_source": "google_open_buildings",
        "structural_type": "URM/LWAL/H:1-2",
        "structural_type_source": "assumed_default_for_region",
        "pga_g": 0.4618,
        "damage_state_probs": {
          "none": 0.0027,
          "slight": 0.0789,
          "moderate": 0.2533,
          "extensive": 0.2637,
          "collapse": 0.4014
        },
        "predicted_damage_state": "collapse",
        "ground_truth_damage_state": "extensive"
      }
    },
    {
      "type": "Feature",
      "geometry": {
        "type": "Polygon",
        "coordinates": [
          [
            [
              36.167067,
              36.2144
            ],
            [
              36.168933,
              36.2144
            ],
            [
              36.168933,
              36.21524
            ],
            [
              36.167067,
              36.21524
            ],
            [
              36.167067,
              36.2144
            ]
          ]
        ]
      },
      "properties": {
        "building_id": "bldg_antakya_000249",
        "height_m": 23.7,
        "height_source": "osm_levels",
        "structural_type": "CR/LFINF+CDM/H:8+",
        "structural_type_source": "assumed_default_for_region",
        "pga_g": 0.4644,
        "damage_state_probs": {
          "none": 0.0034,
          "slight": 0.1116,
          "moderate": 0.3185,
          "extensive": 0.2878,
          "collapse": 0.2787
        },
        "predicted_damage_state": "moderate",
        "ground_truth_damage_state": "moderate"
      }
    },
    {
      "type": "Feature",
      "geometry": {
        "type": "Polygon",
        "coordinates": [
          [
            [
              36.167067,
              36.215427
            ],
            [
              36.168933,
              36.215427
            ],
            [
              36.168933,
              36.216267
            ],
            [
              36.167067,
              36.216267
            ],
            [
              36.167067,
              36.215427
            ]
          ]
        ]
      },
      "properties": {
        "building_id": "bldg_antakya_000250",
        "height_m": 16.3,
        "height_source": "osm_levels",
        "structural_type": "CR/LFINF+CDM/H:4-7",
        "structural_type_source": "assumed_default_for_region",
        "pga_g": 0.4638,
        "damage_state_probs": {
          "none": 0.012,
          "slight": 0.1674,
          "moderate": 0.3434,
          "extensive": 0.2474,
          "collapse": 0.2298
        },
        "predicted_damage_state": "moderate",
        "ground_truth_damage_state": "extensive"
      }
    },
    {
      "type": "Feature",
      "geometry": {
        "type": "Polygon",
        "coordinates": [
          [
            [
              36.169733,
              36.2144
            ],
            [
              36.1716,
              36.2144
            ],
            [
              36.1716,
              36.21524
            ],
            [
              36.169733,
              36.21524
            ],
            [
              36.169733,
              36.2144
            ]
          ]
        ]
      },
      "properties": {
        "building_id": "bldg_antakya_000251",
        "height_m": 5.5,
        "height_source": "google_open_buildings",
        "structural_type": "CR/LFINF+CDM/H:1-3",
        "structural_type_source": "assumed_default_for_region",
        "pga_g": 0.4663,
        "damage_state_probs": {
          "none": 0.0285,
          "slight": 0.2183,
          "moderate": 0.3616,
          "extensive": 0.2138,
          "collapse": 0.1778
        },
        "predicted_damage_state": "moderate",
        "ground_truth_damage_state": "moderate"
      }
    },
    {
      "type": "Feature",
      "geometry": {
        "type": "Polygon",
        "coordinates": [
          [
            [
              36.169733,
              36.215427
            ],
            [
              36.1716,
              36.215427
            ],
            [
              36.1716,
              36.216267
            ],
            [
              36.169733,
              36.216267
            ],
            [
              36.169733,
              36.215427
            ]
          ]
        ]
      },
      "properties": {
        "building_id": "bldg_antakya_000252",
        "height_m": 5.7,
        "height_source": "google_open_buildings",
        "structural_type": "CR/LFINF+CDM/H:1-3",
        "structural_type_source": "assumed_default_for_region",
        "pga_g": 0.4657,
        "damage_state_probs": {
          "none": 0.0286,
          "slight": 0.2189,
          "moderate": 0.3617,
          "extensive": 0.2135,
          "collapse": 0.1773
        },
        "predicted_damage_state": "moderate",
        "ground_truth_damage_state": "extensive"
      }
    },
    {
      "type": "Feature",
      "geometry": {
        "type": "Polygon",
        "coordinates": [
          [
            [
              36.175067,
              36.2144
            ],
            [
              36.176933,
              36.2144
            ],
            [
              36.176933,
              36.21524
            ],
            [
              36.175067,
              36.21524
            ],
            [
              36.175067,
              36.2144
            ]
          ]
        ]
      },
      "properties": {
        "building_id": "bldg_antakya_000253",
        "height_m": 12.7,
        "height_source": "osm_levels",
        "structural_type": "CR/LFINF+CDM/H:4-7",
        "structural_type_source": "assumed_default_for_region",
        "pga_g": 0.4697,
        "damage_state_probs": {
          "none": 0.0112,
          "slight": 0.1622,
          "moderate": 0.341,
          "extensive": 0.2498,
          "collapse": 0.2358
        },
        "predicted_damage_state": "moderate",
        "ground_truth_damage_state": "moderate"
      }
    },
    {
      "type": "Feature",
      "geometry": {
        "type": "Polygon",
        "coordinates": [
          [
            [
              36.175067,
              36.215427
            ],
            [
              36.176933,
              36.215427
            ],
            [
              36.176933,
              36.216267
            ],
            [
              36.175067,
              36.216267
            ],
            [
              36.175067,
              36.215427
            ]
          ]
        ]
      },
      "properties": {
        "building_id": "bldg_antakya_000254",
        "height_m": 33.6,
        "height_source": "assumed_regional_average",
        "structural_type": "CR/LFINF+CDM/H:8+",
        "structural_type_source": "assumed_default_for_region",
        "pga_g": 0.4692,
        "damage_state_probs": {
          "none": 0.0032,
          "slight": 0.1082,
          "moderate": 0.3153,
          "extensive": 0.2892,
          "collapse": 0.284
        },
        "predicted_damage_state": "moderate",
        "ground_truth_damage_state": "moderate"
      }
    },
    {
      "type": "Feature",
      "geometry": {
        "type": "Polygon",
        "coordinates": [
          [
            [
              36.177733,
              36.2144
            ],
            [
              36.1796,
              36.2144
            ],
            [
              36.1796,
              36.21524
            ],
            [
              36.177733,
              36.21524
            ],
            [
              36.177733,
              36.2144
            ]
          ]
        ]
      },
      "properties": {
        "building_id": "bldg_antakya_000255",
        "height_m": 14.6,
        "height_source": "osm_levels",
        "structural_type": "CR/LFINF+CDM/H:4-7",
        "structural_type_source": "assumed_default_for_region",
        "pga_g": 0.4713,
        "damage_state_probs": {
          "none": 0.011,
          "slight": 0.1609,
          "moderate": 0.3403,
          "extensive": 0.2505,
          "collapse": 0.2374
        },
        "predicted_damage_state": "moderate",
        "ground_truth_damage_state": "moderate"
      }
    },
    {
      "type": "Feature",
      "geometry": {
        "type": "Polygon",
        "coordinates": [
          [
            [
              36.177733,
              36.215427
            ],
            [
              36.1796,
              36.215427
            ],
            [
              36.1796,
              36.216267
            ],
            [
              36.177733,
              36.216267
            ],
            [
              36.177733,
              36.215427
            ]
          ]
        ]
      },
      "properties": {
        "building_id": "bldg_antakya_000256",
        "height_m": 15.0,
        "height_source": "osm_levels",
        "structural_type": "CR/LFINF+CDM/H:4-7",
        "structural_type_source": "assumed_default_for_region",
        "pga_g": 0.4708,
        "damage_state_probs": {
          "none": 0.0111,
          "slight": 0.1613,
          "moderate": 0.3405,
          "extensive": 0.2503,
          "collapse": 0.2369
        },
        "predicted_damage_state": "moderate",
        "ground_truth_damage_state": "moderate"
      }
    },
    {
      "type": "Feature",
      "geometry": {
        "type": "Polygon",
        "coordinates": [
          [
            [
              36.1404,
              36.217067
            ],
            [
              36.142267,
              36.217067
            ],
            [
              36.142267,
              36.217907
            ],
            [
              36.1404,
              36.217907
            ],
            [
              36.1404,
              36.217067
            ]
          ]
        ]
      },
      "properties": {
        "building_id": "bldg_antakya_000257",
        "height_m": 17.1,
        "height_source": "osm_levels",
        "structural_type": "CR/LFINF+CDM/H:4-7",
        "structural_type_source": "assumed_default_for_region",
        "pga_g": 0.4395,
        "damage_state_probs": {
          "none": 0.0158,
          "slight": 0.1904,
          "moderate": 0.3522,
          "extensive": 0.2361,
          "collapse": 0.2055
        },
        "predicted_damage_state": "moderate",
        "ground_truth_damage_state": "moderate"
      }
    },
    {
      "type": "Feature",
      "geometry": {
        "type": "Polygon",
        "coordinates": [
          [
            [
              36.1404,
              36.218093
            ],
            [
              36.142267,
              36.218093
            ],
            [
              36.142267,
              36.218933
            ],
            [
              36.1404,
              36.218933
            ],
            [
              36.1404,
              36.218093
            ]
          ]
        ]
      },
      "properties": {
        "building_id": "bldg_antakya_000258",
        "height_m": 18.6,
        "height_source": "osm_levels",
        "structural_type": "CR/LFINF+CDM/H:4-7",
        "structural_type_source": "assumed_default_for_region",
        "pga_g": 0.4386,
        "damage_state_probs": {
          "none": 0.0159,
          "slight": 0.1913,
          "moderate": 0.3525,
          "extensive": 0.2357,
          "collapse": 0.2046
        },
        "predicted_damage_state": "moderate",
        "ground_truth_damage_state": "moderate"
      }
    },
    {
      "type": "Feature",
      "geometry": {
        "type": "Polygon",
        "coordinates": [
          [
            [
              36.143067,
              36.217067
            ],
            [
              36.144933,
              36.217067
            ],
            [
              36.144933,
              36.217907
            ],
            [
              36.143067,
              36.217907
            ],
            [
              36.143067,
              36.217067
            ]
          ]
        ]
      },
      "properties": {
        "building_id": "bldg_antakya_000259",
        "height_m": 32.0,
        "height_source": "assumed_regional_average",
        "structural_type": "CR/LFINF+CDM/H:8+",
        "structural_type_source": "assumed_default_for_region",
        "pga_g": 0.4421,
        "damage_state_probs": {
          "none": 0.0046,
          "slight": 0.1288,
          "moderate": 0.3326,
          "extensive": 0.2802,
          "collapse": 0.2539
        },
        "predicted_damage_state": "moderate",
        "ground_truth_damage_state": "moderate"
      }
    },
    {
      "type": "Feature",
      "geometry": {
        "type": "Polygon",
        "coordinates": [
          [
            [
              36.143067,
              36.218093
            ],
            [
              36.144933,
              36.218093
            ],
            [
              36.144933,
              36.218933
            ],
            [
              36.143067,
              36.218933
            ],
            [
              36.143067,
              36.218093
            ]
          ]
        ]
      },
      "properties": {
        "building_id": "bldg_antakya_000260",
        "height_m": 22.2,
        "height_source": "osm_levels",
        "structural_type": "CR/LFINF+CDM/H:8+",
        "structural_type_source": "assumed_default_for_region",
        "pga_g": 0.4412,
        "damage_state_probs": {
          "none": 0.0046,
          "slight": 0.1295,
          "moderate": 0.3332,
          "extensive": 0.2798,
          "collapse": 0.2529
        },
        "predicted_damage_state": "moderate",
        "ground_truth_damage_state": "moderate"
      }
    },
    {
      "type": "Feature",
      "geometry": {
        "type": "Polygon",
        "coordinates": [
          [
            [
              36.145733,
              36.217067
            ],
            [
              36.1476,
              36.217067
            ],
            [
              36.1476,
              36.217907
            ],
            [
              36.145733,
              36.217907
            ],
            [
              36.145733,
              36.217067
            ]
          ]
        ]
      },
      "properties": {
        "building_id": "bldg_antakya_000261",
        "height_m": 16.4,
        "height_source": "osm_levels",
        "structural_type": "CR/LFINF+CDM/H:4-7",
        "structural_type_source": "assumed_default_for_region",
        "pga_g": 0.4446,
        "damage_state_probs": {
          "none": 0.0149,
          "slight": 0.1854,
          "moderate": 0.3505,
          "extensive": 0.2386,
          "collapse": 0.2106
        },
        "predicted_damage_state": "moderate",
        "ground_truth_damage_state": "extensive"
      }
    },
    {
      "type": "Feature",
      "geometry": {
        "type": "Polygon",
        "coordinates": [
          [
            [
              36.145733,
              36.218093
            ],
            [
              36.1476,
              36.218093
            ],
            [
              36.1476,
              36.218933
            ],
            [
              36.145733,
              36.218933
            ],
            [
              36.145733,
              36.218093
            ]
          ]
        ]
      },
      "properties": {
        "building_id": "bldg_antakya_000262",
        "height_m": 28.0,
        "height_source": "assumed_regional_average",
        "structural_type": "CR/LFINF+CDM/H:8+",
        "structural_type_source": "assumed_default_for_region",
        "pga_g": 0.4438,
        "damage_state_probs": {
          "none": 0.0045,
          "slight": 0.1274,
          "moderate": 0.3316,
          "extensive": 0.2808,
          "collapse": 0.2558
        },
        "predicted_damage_state": "moderate",
        "ground_truth_damage_state": "moderate"
      }
    },
    {
      "type": "Feature",
      "geometry": {
        "type": "Polygon",
        "coordinates": [
          [
            [
              36.1484,
              36.217067
            ],
            [
              36.150267,
              36.217067
            ],
            [
              36.150267,
              36.217907
            ],
            [
              36.1484,
              36.217907
            ],
            [
              36.1484,
              36.217067
            ]
          ]
        ]
      },
      "properties": {
        "building_id": "bldg_antakya_000263",
        "height_m": 21.2,
        "height_source": "osm_levels",
        "structural_type": "CR/LFINF+CDM/H:4-7",
        "structural_type_source": "assumed_default_for_region",
        "pga_g": 0.4471,
        "damage_state_probs": {
          "none": 0.0145,
          "slight": 0.1829,
          "moderate": 0.3497,
          "extensive": 0.2398,
          "collapse": 0.2131
        },
        "predicted_damage_state": "moderate",
        "ground_truth_damage_state": "moderate"
      }
    },
    {
      "type": "Feature",
      "geometry": {
        "type": "Polygon",
        "coordinates": [
          [
            [
              36.1484,
              36.218093
            ],
            [
              36.150267,
              36.218093
            ],
            [
              36.150267,
              36.218933
            ],
            [
              36.1484,
              36.218933
            ],
            [
              36.1484,
              36.218093
            ]
          ]
        ]
      },
      "properties": {
        "building_id": "bldg_antakya_000264",
        "height_m": 14.6,
        "height_source": "osm_levels",
        "structural_type": "CR/LFINF+CDM/H:4-7",
        "structural_type_source": "assumed_default_for_region",
        "pga_g": 0.4463,
        "damage_state_probs": {
          "none": 0.0146,
          "slight": 0.1837,
          "moderate": 0.35,
          "extensive": 0.2395,
          "collapse": 0.2123
        },
        "predicted_damage_state": "moderate",
        "ground_truth_damage_state": "moderate"
      }
    },
    {
      "type": "Feature",
      "geometry": {
        "type": "Polygon",
        "coordinates": [
          [
            [
              36.153733,
              36.217067
            ],
            [
              36.1556,
              36.217067
            ],
            [
              36.1556,
              36.217907
            ],
            [
              36.153733,
              36.217907
            ],
            [
              36.153733,
              36.217067
            ]
          ]
        ]
      },
      "properties": {
        "building_id": "bldg_antakya_000265",
        "height_m": 19.6,
        "height_source": "osm_levels",
        "structural_type": "CR/LFINF+CDM/H:4-7",
        "structural_type_source": "assumed_default_for_region",
        "pga_g": 0.4519,
        "damage_state_probs": {
          "none": 0.0137,
          "slight": 0.1784,
          "moderate": 0.348,
          "extensive": 0.2421,
          "collapse": 0.2179
        },
        "predicted_damage_state": "moderate",
        "ground_truth_damage_state": "moderate"
      }
    },
    {
      "type": "Feature",
      "geometry": {
        "type": "Polygon",
        "coordinates": [
          [
            [
              36.153733,
              36.218093
            ],
            [
              36.1556,
              36.218093
            ],
            [
              36.1556,
              36.218933
            ],
            [
              36.153733,
              36.218933
            ],
            [
              36.153733,
              36.218093
            ]
          ]
        ]
      },
      "properties": {
        "building_id": "bldg_antakya_000266",
        "height_m": 23.0,
        "height_source": "osm_levels",
        "structural_type": "CR/LFINF+CDM/H:8+",
        "structural_type_source": "assumed_default_for_region",
        "pga_g": 0.4512,
        "damage_state_probs": {
          "none": 0.004,
          "slight": 0.1215,
          "moderate": 0.3269,
          "extensive": 0.2835,
          "collapse": 0.264
        },
        "predicted_damage_state": "moderate",
        "ground_truth_damage_state": "moderate"
      }
    },
    {
      "type": "Feature",
      "geometry": {
        "type": "Polygon",
        "coordinates": [
          [
            [
              36.1564,
              36.217067
            ],
            [
              36.158267,
              36.217067
            ],
            [
              36.158267,
              36.217907
            ],
            [
              36.1564,
              36.217907
            ],
            [
              36.1564,
              36.217067
            ]
          ]
        ]
      },
      "properties": {
        "building_id": "bldg_antakya_000267",
        "height_m": 5.8,
        "height_source": "google_open_buildings",
        "structural_type": "URM/LWAL/H:1-2",
        "structural_type_source": "assumed_default_for_region",
        "pga_g": 0.4542,
        "damage_state_probs": {
          "none": 0.003,
          "slight": 0.0828,
          "moderate": 0.2584,
          "extensive": 0.2635,
          "collapse": 0.3923
        },
        "predicted_damage_state": "collapse",
        "ground_truth_damage_state": "extensive"
      }
    },
    {
      "type": "Feature",
      "geometry": {
        "type": "Polygon",
        "coordinates": [
          [
            [
              36.1564,
              36.218093
            ],
            [
              36.158267,
              36.218093
            ],
            [
              36.158267,
              36.218933
            ],
            [
              36.1564,
              36.218933
            ],
            [
              36.1564,
              36.218093
            ]
          ]
        ]
      },
      "properties": {
        "building_id": "bldg_antakya_000268",
        "height_m": 15.7,
        "height_source": "osm_levels",
        "structural_type": "CR/LFINF+CDM/H:4-7",
        "structural_type_source": "assumed_default_for_region",
        "pga_g": 0.4535,
        "damage_state_probs": {
          "none": 0.0135,
          "slight": 0.1769,
          "moderate": 0.3474,
          "extensive": 0.2428,
          "collapse": 0.2195
        },
        "predicted_damage_state": "moderate",
        "ground_truth_damage_state": "moderate"
      }
    },
    {
      "type": "Feature",
      "geometry": {
        "type": "Polygon",
        "coordinates": [
          [
            [
              36.159067,
              36.217067
            ],
            [
              36.160933,
              36.217067
            ],
            [
              36.160933,
              36.217907
            ],
            [
              36.159067,
              36.217907
            ],
            [
              36.159067,
              36.217067
            ]
          ]
        ]
      },
      "properties": {
        "building_id": "bldg_antakya_000269",
        "height_m": 12.2,
        "height_source": "osm_levels",
        "structural_type": "CR/LFINF+CDM/H:4-7",
        "structural_type_source": "assumed_default_for_region",
        "pga_g": 0.4565,
        "damage_state_probs": {
          "none": 0.013,
          "slight": 0.1741,
          "moderate": 0.3463,
          "extensive": 0.2442,
          "collapse": 0.2225
        },
        "predicted_damage_state": "moderate",
        "ground_truth_damage_state": "extensive"
      }
    },
    {
      "type": "Feature",
      "geometry": {
        "type": "Polygon",
        "coordinates": [
          [
            [
              36.159067,
              36.218093
            ],
            [
              36.160933,
              36.218093
            ],
            [
              36.160933,
              36.218933
            ],
            [
              36.159067,
              36.218933
            ],
            [
              36.159067,
              36.218093
            ]
          ]
        ]
      },
      "properties": {
        "building_id": "bldg_antakya_000270",
        "height_m": 19.1,
        "height_source": "osm_levels",
        "structural_type": "CR/LFINF+CDM/H:4-7",
        "structural_type_source": "assumed_default_for_region",
        "pga_g": 0.4558,
        "damage_state_probs": {
          "none": 0.0131,
          "slight": 0.1747,
          "moderate": 0.3465,
          "extensive": 0.2439,
          "collapse": 0.2218
        },
        "predicted_damage_state": "moderate",
        "ground_truth_damage_state": "moderate"
      }
    },
    {
      "type": "Feature",
      "geometry": {
        "type": "Polygon",
        "coordinates": [
          [
            [
              36.161733,
              36.217067
            ],
            [
              36.1636,
              36.217067
            ],
            [
              36.1636,
              36.217907
            ],
            [
              36.161733,
              36.217907
            ],
            [
              36.161733,
              36.217067
            ]
          ]
        ]
      },
      "properties": {
        "building_id": "bldg_antakya_000271",
        "height_m": 16.8,
        "height_source": "osm_levels",
        "structural_type": "CR/LFINF+CDM/H:4-7",
        "structural_type_source": "assumed_default_for_region",
        "pga_g": 0.4587,
        "damage_state_probs": {
          "none": 0.0127,
          "slight": 0.172,
          "moderate": 0.3454,
          "extensive": 0.2452,
          "collapse": 0.2247
        },
        "predicted_damage_state": "moderate",
        "ground_truth_damage_state": "slight"
      }
    },
    {
      "type": "Feature",
      "geometry": {
        "type": "Polygon",
        "coordinates": [
          [
            [
              36.161733,
              36.218093
            ],
            [
              36.1636,
              36.218093
            ],
            [
              36.1636,
              36.218933
            ],
            [
              36.161733,
              36.218933
            ],
            [
              36.161733,
              36.218093
            ]
          ]
        ]
      },
      "properties": {
        "building_id": "bldg_antakya_000272",
        "height_m": 17.3,
        "height_source": "osm_levels",
        "structural_type": "CR/LFINF+CDM/H:4-7",
        "structural_type_source": "assumed_default_for_region",
        "pga_g": 0.458,
        "damage_state_probs": {
          "none": 0.0128,
          "slight": 0.1727,
          "moderate": 0.3457,
          "extensive": 0.2448,
          "collapse": 0.224
        },
        "predicted_damage_state": "moderate",
        "ground_truth_damage_state": "moderate"
      }
    },
    {
      "type": "Feature",
      "geometry": {
        "type": "Polygon",
        "coordinates": [
          [
            [
              36.1644,
              36.217067
            ],
            [
              36.166267,
              36.217067
            ],
            [
              36.166267,
              36.217907
            ],
            [
              36.1644,
              36.217907
            ],
            [
              36.1644,
              36.217067
            ]
          ]
        ]
      },
      "properties": {
        "building_id": "bldg_antakya_000273",
        "height_m": 19.7,
        "height_source": "osm_levels",
        "structural_type": "CR/LFINF+CDM/H:4-7",
        "structural_type_source": "assumed_default_for_region",
        "pga_g": 0.4608,
        "damage_state_probs": {
          "none": 0.0124,
          "slight": 0.1701,
          "moderate": 0.3446,
          "extensive": 0.2461,
          "collapse": 0.2268
        },
        "predicted_damage_state": "moderate",
        "ground_truth_damage_state": "moderate"
      }
    },
    {
      "type": "Feature",
      "geometry": {
        "type": "Polygon",
        "coordinates": [
          [
            [
              36.1644,
              36.218093
            ],
            [
              36.166267,
              36.218093
            ],
            [
              36.166267,
              36.218933
            ],
            [
              36.1644,
              36.218933
            ],
            [
              36.1644,
              36.218093
            ]
          ]
        ]
      },
      "properties": {
        "building_id": "bldg_antakya_000274",
        "height_m": 5.9,
        "height_source": "google_open_buildings",
        "structural_type": "URM/LWAL/H:1-2",
        "structural_type_source": "assumed_default_for_region",
        "pga_g": 0.4601,
        "damage_state_probs": {
          "none": 0.0028,
          "slight": 0.0797,
          "moderate": 0.2545,
          "extensive": 0.2637,
          "collapse": 0.3994
        },
        "predicted_damage_state": "collapse",
        "ground_truth_damage_state": "extensive"
      }
    },
    {
      "type": "Feature",
      "geometry": {
        "type": "Polygon",
        "coordinates": [
          [
            [
              36.167067,
              36.217067
            ],
            [
              36.168933,
              36.217067
            ],
            [
              36.168933,
              36.217907
            ],
            [
              36.167067,
              36.217907
            ],
            [
              36.167067,
              36.217067
            ]
          ]
        ]
      },
      "properties": {
        "building_id": "bldg_antakya_000275",
        "height_m": 20.9,
        "height_source": "osm_levels",
        "structural_type": "CR/LFINF+CDM/H:4-7",
        "structural_type_source": "assumed_default_for_region",
        "pga_g": 0.4628,
        "damage_state_probs": {
          "none": 0.0121,
          "slight": 0.1683,
          "moderate": 0.3438,
          "extensive": 0.2469,
          "collapse": 0.2288
        },
        "predicted_damage_state": "moderate",
        "ground_truth_damage_state": "slight"
      }
    },
    {
      "type": "Feature",
      "geometry": {
        "type": "Polygon",
        "coordinates": [
          [
            [
              36.167067,
              36.218093
            ],
            [
              36.168933,
              36.218093
            ],
            [
              36.168933,
              36.218933
            ],
            [
              36.167067,
              36.218933
            ],
            [
              36.167067,
              36.218093
            ]
          ]
        ]
      },
      "properties": {
        "building_id": "bldg_antakya_000276",
        "height_m": 22.1,
        "height_source": "osm_levels",
        "structural_type": "CR/LFINF+CDM/H:8+",
        "structural_type_source": "assumed_default_for_region",
        "pga_g": 0.4622,
        "damage_state_probs": {
          "none": 0.0035,
          "slight": 0.1132,
          "moderate": 0.3199,
          "extensive": 0.2871,
          "collapse": 0.2763
        },
        "predicted_damage_state": "moderate",
        "ground_truth_damage_state": "moderate"
      }
    },
    {
      "type": "Feature",
      "geometry": {
        "type": "Polygon",
        "coordinates": [
          [
            [
              36.1724,
              36.217067
            ],
            [
              36.174267,
              36.217067
            ],
            [
              36.174267,
              36.217907
            ],
            [
              36.1724,
              36.217907
            ],
            [
              36.1724,
              36.217067
            ]
          ]
        ]
      },
      "properties": {
        "building_id": "bldg_antakya_000277",
        "height_m": 14.9,
        "height_source": "osm_levels",
        "structural_type": "CR/LFINF+CDM/H:4-7",
        "structural_type_source": "assumed_default_for_region",
        "pga_g": 0.4666,
        "damage_state_probs": {
          "none": 0.0116,
          "slight": 0.165,
          "moderate": 0.3422,
          "extensive": 0.2485,
          "collapse": 0.2326
        },
        "predicted_damage_state": "moderate",
        "ground_truth_damage_state": "extensive"
      }
    },
    {
      "type": "Feature",
      "geometry": {
        "type": "Polygon",
        "coordinates": [
          [
            [
              36.1724,
              36.218093
            ],
            [
              36.174267,
              36.218093
            ],
            [
              36.174267,
              36.218933
            ],
            [
              36.1724,
              36.218933
            ],
            [
              36.1724,
              36.218093
            ]
          ]
        ]
      },
      "properties": {
        "building_id": "bldg_antakya_000278",
        "height_m": 18.6,
        "height_source": "osm_levels",
        "structural_type": "CR/LFINF+CDM/H:4-7",
        "structural_type_source": "assumed_default_for_region",
        "pga_g": 0.466,
        "damage_state_probs": {
          "none": 0.0117,
          "slight": 0.1655,
          "moderate": 0.3425,
          "extensive": 0.2483,
          "collapse": 0.232
        },
        "predicted_damage_state": "moderate",
        "ground_truth_damage_state": "slight"
      }
    },
    {
      "type": "Feature",
      "geometry": {
        "type": "Polygon",
        "coordinates": [
          [
            [
              36.175067,
              36.217067
            ],
            [
              36.176933,
              36.217067
            ],
            [
              36.176933,
              36.217907
            ],
            [
              36.175067,
              36.217907
            ],
            [
              36.175067,
              36.217067
            ]
          ]
        ]
      },
      "properties": {
        "building_id": "bldg_antakya_000279",
        "height_m": 16.2,
        "height_source": "osm_levels",
        "structural_type": "CR/LFINF+CDM/H:4-7",
        "structural_type_source": "assumed_default_for_region",
        "pga_g": 0.4684,
        "damage_state_probs": {
          "none": 0.0114,
          "slight": 0.1634,
          "moderate": 0.3415,
          "extensive": 0.2493,
          "collapse": 0.2345
        },
        "predicted_damage_state": "moderate",
        "ground_truth_damage_state": "extensive"
      }
    },
    {
      "type": "Feature",
      "geometry": {
        "type": "Polygon",
        "coordinates": [
          [
            [
              36.175067,
              36.218093
            ],
            [
              36.176933,
              36.218093
            ],
            [
              36.176933,
              36.218933
            ],
            [
              36.175067,
              36.218933
            ],
            [
              36.175067,
              36.218093
            ]
          ]
        ]
      },
      "properties": {
        "building_id": "bldg_antakya_000280",
        "height_m": 15.5,
        "height_source": "osm_levels",
        "structural_type": "CR/LFINF+CDM/H:4-7",
        "structural_type_source": "assumed_default_for_region",
        "pga_g": 0.4678,
        "damage_state_probs": {
          "none": 0.0115,
          "slight": 0.1639,
          "moderate": 0.3418,
          "extensive": 0.249,
          "collapse": 0.2339
        },
        "predicted_damage_state": "moderate",
        "ground_truth_damage_state": "moderate"
      }
    },
    {
      "type": "Feature",
      "geometry": {
        "type": "Polygon",
        "coordinates": [
          [
            [
              36.177733,
              36.217067
            ],
            [
              36.1796,
              36.217067
            ],
            [
              36.1796,
              36.217907
            ],
            [
              36.177733,
              36.217907
            ],
            [
              36.177733,
              36.217067
            ]
          ]
        ]
      },
      "properties": {
        "building_id": "bldg_antakya_000281",
        "height_m": 15.2,
        "height_source": "osm_levels",
        "structural_type": "CR/LFINF+CDM/H:4-7",
        "structural_type_source": "assumed_default_for_region",
        "pga_g": 0.47,
        "damage_state_probs": {
          "none": 0.0112,
          "slight": 0.162,
          "moderate": 0.3408,
          "extensive": 0.2499,
          "collapse": 0.2361
        },
        "predicted_damage_state": "moderate",
        "ground_truth_damage_state": "slight"
      }
    },
    {
      "type": "Feature",
      "geometry": {
        "type": "Polygon",
        "coordinates": [
          [
            [
              36.177733,
              36.218093
            ],
            [
              36.1796,
              36.218093
            ],
            [
              36.1796,
              36.218933
            ],
            [
              36.177733,
              36.218933
            ],
            [
              36.177733,
              36.218093
            ]
          ]
        ]
      },
      "properties": {
        "building_id": "bldg_antakya_000282",
        "height_m": 16.5,
        "height_source": "osm_levels",
        "structural_type": "CR/LFINF+CDM/H:4-7",
        "structural_type_source": "assumed_default_for_region",
        "pga_g": 0.4695,
        "damage_state_probs": {
          "none": 0.0112,
          "slight": 0.1624,
          "moderate": 0.341,
          "extensive": 0.2497,
          "collapse": 0.2356
        },
        "predicted_damage_state": "moderate",
        "ground_truth_damage_state": "moderate"
      }
    },
    {
      "type": "Feature",
      "geometry": {
        "type": "Polygon",
        "coordinates": [
          [
            [
              36.1404,
              36.219733
            ],
            [
              36.142267,
              36.219733
            ],
            [
              36.142267,
              36.220573
            ],
            [
              36.1404,
              36.220573
            ],
            [
              36.1404,
              36.219733
            ]
          ]
        ]
      },
      "properties": {
        "building_id": "bldg_antakya_000283",
        "height_m": 16.2,
        "height_source": "osm_levels",
        "structural_type": "CR/LFINF+CDM/H:4-7",
        "structural_type_source": "assumed_default_for_region",
        "pga_g": 0.4373,
        "damage_state_probs": {
          "none": 0.0162,
          "slight": 0.1926,
          "moderate": 0.3529,
          "extensive": 0.235,
          "collapse": 0.2033
        },
        "predicted_damage_state": "moderate",
        "ground_truth_damage_state": "moderate"
      }
    },
    {
      "type": "Feature",
      "geometry": {
        "type": "Polygon",
        "coordinates": [
          [
            [
              36.1404,
              36.22076
            ],
            [
              36.142267,
              36.22076
            ],
            [
              36.142267,
              36.2216
            ],
            [
              36.1404,
              36.2216
            ],
            [
              36.1404,
              36.22076
            ]
          ]
        ]
      },
      "properties": {
        "building_id": "bldg_antakya_000284",
        "height_m": 13.5,
        "height_source": "osm_levels",
        "structural_type": "CR/LFINF+CDM/H:4-7",
        "structural_type_source": "assumed_default_for_region",
        "pga_g": 0.4365,
        "damage_state_probs": {
          "none": 0.0163,
          "slight": 0.1934,
          "moderate": 0.3531,
          "extensive": 0.2346,
          "collapse": 0.2025
        },
        "predicted_damage_state": "moderate",
        "ground_truth_damage_state": "moderate"
      }
    },
    {
      "type": "Feature",
      "geometry": {
        "type": "Polygon",
        "coordinates": [
          [
            [
              36.143067,
              36.219733
            ],
            [
              36.144933,
              36.219733
            ],
            [
              36.144933,
              36.220573
            ],
            [
              36.143067,
              36.220573
            ],
            [
              36.143067,
              36.219733
            ]
          ]
        ]
      },
      "properties": {
        "building_id": "bldg_antakya_000285",
        "height_m": 4.8,
        "height_source": "google_open_buildings",
        "structural_type": "URM/LWAL/H:1-2",
        "structural_type_source": "assumed_default_for_region",
        "pga_g": 0.4399,
        "damage_state_probs": {
          "none": 0.0035,
          "slight": 0.0909,
          "moderate": 0.2681,
          "extensive": 0.2626,
          "collapse": 0.3748
        },
        "predicted_damage_state": "collapse",
        "ground_truth_damage_state": "collapse"
      }
    },
    {
      "type": "Feature",
      "geometry": {
        "type": "Polygon",
        "coordinates": [
          [
            [
              36.143067,
              36.22076
            ],
            [
              36.144933,
              36.22076
            ],
            [
              36.144933,
              36.2216
            ],
            [
              36.143067,
              36.2216
            ],
            [
              36.143067,
              36.22076
            ]
          ]
        ]
      },
      "properties": {
        "building_id": "bldg_antakya_000286",
        "height_m": 16.6,
        "height_source": "osm_levels",
        "structural_type": "CR/LFINF+CDM/H:4-7",
        "structural_type_source": "assumed_default_for_region",
        "pga_g": 0.4391,
        "damage_state_probs": {
          "none": 0.0158,
          "slight": 0.1908,
          "moderate": 0.3523,
          "extensive": 0.2359,
          "collapse": 0.2051
        },
        "predicted_damage_state": "moderate",
        "ground_truth_damage_state": "moderate"
      }
    },
    {
      "type": "Feature",
      "geometry": {
        "type": "Polygon",
        "coordinates": [
          [
            [
              36.145733,
              36.219733
            ],
            [
              36.1476,
              36.219733
            ],
            [
              36.1476,
              36.220573
            ],
            [
              36.145733,
              36.220573
            ],
            [
              36.145733,
              36.219733
            ]
          ]
        ]
      },
      "properties": {
        "building_id": "bldg_antakya_000287",
        "height_m": 4.8,
        "height_source": "google_open_buildings",
        "structural_type": "CR/LFINF+CDM/H:1-3",
        "structural_type_source": "assumed_default_for_region",
        "pga_g": 0.4425,
        "damage_state_probs": {
          "none": 0.036,
          "slight": 0.2418,
          "moderate": 0.3637,
          "extensive": 0.2009,
          "collapse": 0.1576
        },
        "predicted_damage_state": "moderate",
        "ground_truth_damage_state": "moderate"
      }
    },
    {
      "type": "Feature",
      "geometry": {
        "type": "Polygon",
        "coordinates": [
          [
            [
              36.145733,
              36.22076
            ],
            [
              36.1476,
              36.22076
            ],
            [
              36.1476,
              36.2216
            ],
            [
              36.145733,
              36.2216
            ],
            [
              36.145733,
              36.22076
            ]
          ]
        ]
      },
      "properties": {
        "building_id": "bldg_antakya_000288",
        "height_m": 23.9,
        "height_source": "osm_levels",
        "structural_type": "CR/LFINF+CDM/H:8+",
        "structural_type_source": "assumed_default_for_region",
        "pga_g": 0.4417,
        "damage_state_probs": {
          "none": 0.0046,
          "slight": 0.1291,
          "moderate": 0.3328,
          "extensive": 0.28,
          "collapse": 0.2534
        },
        "predicted_damage_state": "moderate",
        "ground_truth_damage_state": "moderate"
      }
    },
    {
      "type": "Feature",
      "geometry": {
        "type": "Polygon",
        "coordinates": [
          [
            [
              36.151067,
              36.219733
            ],
            [
              36.152933,
              36.219733
            ],
            [
              36.152933,
              36.220573
            ],
            [
              36.151067,
              36.220573
            ],
            [
              36.151067,
              36.219733
            ]
          ]
        ]
      },
      "properties": {
        "building_id": "bldg_antakya_000289",
        "height_m": 13.7,
        "height_source": "osm_levels",
        "structural_type": "CR/LFINF+CDM/H:4-7",
        "structural_type_source": "assumed_default_for_region",
        "pga_g": 0.4475,
        "damage_state_probs": {
          "none": 0.0144,
          "slight": 0.1826,
          "moderate": 0.3495,
          "extensive": 0.24,
          "collapse": 0.2135
        },
        "predicted_damage_state": "moderate",
        "ground_truth_damage_state": "slight"
      }
    },
    {
      "type": "Feature",
      "geometry": {
        "type": "Polygon",
        "coordinates": [
          [
            [
              36.151067,
              36.22076
            ],
            [
              36.152933,
              36.22076
            ],
            [
              36.152933,
              36.2216
            ],
            [
              36.151067,
              36.2216
            ],
            [
              36.151067,
              36.22076
            ]
          ]
        ]
      },
      "properties": {
        "building_id": "bldg_antakya_000290",
        "height_m": 4.8,
        "height_source": "google_open_buildings",
        "structural_type": "URM/LWAL/H:1-2",
        "structural_type_source": "assumed_default_for_region",
        "pga_g": 0.4468,
        "damage_state_probs": {
          "none": 0.0032,
          "slight": 0.0869,
          "moderate": 0.2634,
          "extensive": 0.2631,
          "collapse": 0.3833
        },
        "predicted_damage_state": "collapse",
        "ground_truth_damage_state": "collapse"
      }
    },
    {
      "type": "Feature",
      "geometry": {
        "type": "Polygon",
        "coordinates": [
          [
            [
              36.153733,
              36.219733
            ],
            [
              36.1556,
              36.219733
            ],
            [
              36.1556,
              36.220573
            ],
            [
              36.153733,
              36.220573
            ],
            [
              36.153733,
              36.219733
            ]
          ]
        ]
      },
      "properties": {
        "building_id": "bldg_antakya_000291",
        "height_m": 4.5,
        "height_source": "google_open_buildings",
        "structural_type": "CR/LFINF+CDM/H:1-3",
        "structural_type_source": "assumed_default_for_region",
        "pga_g": 0.45,
        "damage_state_probs": {
          "none": 0.0334,
          "slight": 0.2342,
          "moderate": 0.3633,
          "extensive": 0.2051,
          "collapse": 0.1639
        },
        "predicted_damage_state": "moderate",
        "ground_truth_damage_state": "extensive"
      }
    },
    {
      "type": "Feature",
      "geometry": {
        "type": "Polygon",
        "coordinates": [
          [
            [
              36.153733,
              36.22076
            ],
            [
              36.1556,
              36.22076
            ],
            [
              36.1556,
              36.2216
            ],
            [
              36.153733,
              36.2216
            ],
            [
              36.153733,
              36.22076
            ]
          ]
        ]
      },
      "properties": {
        "building_id": "bldg_antakya_000292",
        "height_m": 17.8,
        "height_source": "osm_levels",
        "structural_type": "CR/LFINF+CDM/H:4-7",
        "structural_type_source": "assumed_default_for_region",
        "pga_g": 0.4492,
        "damage_state_probs": {
          "none": 0.0141,
          "slight": 0.1809,
          "moderate": 0.3489,
          "extensive": 0.2408,
          "collapse": 0.2152
        },
        "predicted_damage_state": "moderate",
        "ground_truth_damage_state": "moderate"
      }
    },
    {
      "type": "Feature",
      "geometry": {
        "type": "Polygon",
        "coordinates": [
          [
            [
              36.1564,
              36.219733
            ],
            [
              36.158267,
              36.219733
            ],
            [
              36.158267,
              36.220573
            ],
            [
              36.1564,
              36.220573
            ],
            [
              36.1564,
              36.219733
            ]
          ]
        ]
      },
      "properties": {
        "building_id": "bldg_antakya_000293",
        "height_m": 16.2,
        "height_source": "osm_levels",
        "structural_type": "CR/LFINF+CDM/H:4-7",
        "structural_type_source": "assumed_default_for_region",
        "pga_g": 0.4523,
        "damage_state_probs": {
          "none": 0.0136,
          "slight": 0.178,
          "moderate": 0.3478,
          "extensive": 0.2423,
          "collapse": 0.2183
        },
        "predicted_damage_state": "moderate",
        "ground_truth_damage_state": "moderate"
      }
    },
    {
      "type": "Feature",
      "geometry": {
        "type": "Polygon",
        "coordinates": [
          [
            [
              36.1564,
              36.22076
            ],
            [
              36.158267,
              36.22076
            ],
            [
              36.158267,
              36.2216
            ],
            [
              36.1564,
              36.2216
            ],
            [
              36.1564,
              36.22076
            ]
          ]
        ]
      },
      "properties": {
        "building_id": "bldg_antakya_000294",
        "height_m": 5.8,
        "height_source": "google_open_buildings",
        "structural_type": "CR/LFINF+CDM/H:1-3",
        "structural_type_source": "assumed_default_for_region",
        "pga_g": 0.4516,
        "damage_state_probs": {
          "none": 0.0329,
          "slight": 0.2326,
          "moderate": 0.3632,
          "extensive": 0.206,
          "collapse": 0.1653
        },
        "predicted_damage_state": "moderate",
        "ground_truth_damage_state": "extensive"
      }
    },
    {
      "type": "Feature",
      "geometry": {
        "type": "Polygon",
        "coordinates": [
          [
            [
              36.159067,
              36.219733
            ],
            [
              36.160933,
              36.219733
            ],
            [
              36.160933,
              36.220573
            ],
            [
              36.159067,
              36.220573
            ],
            [
              36.159067,
              36.219733
            ]
          ]
        ]
      },
      "properties": {
        "building_id": "bldg_antakya_000295",
        "height_m": 21.4,
        "height_source": "osm_levels",
        "structural_type": "CR/LFINF+CDM/H:4-7",
        "structural_type_source": "assumed_default_for_region",
        "pga_g": 0.4546,
        "damage_state_probs": {
          "none": 0.0133,
          "slight": 0.1758,
          "moderate": 0.347,
          "extensive": 0.2433,
          "collapse": 0.2206
        },
        "predicted_damage_state": "moderate",
        "ground_truth_damage_state": "moderate"
      }
    },
    {
      "type": "Feature",
      "geometry": {
        "type": "Polygon",
        "coordinates": [
          [
            [
              36.159067,
              36.22076
            ],
            [
              36.160933,
              36.22076
            ],
            [
              36.160933,
              36.2216
            ],
            [
              36.159067,
              36.2216
            ],
            [
              36.159067,
              36.22076
            ]
          ]
        ]
      },
      "properties": {
        "building_id": "bldg_antakya_000296",
        "height_m": 14.6,
        "height_source": "osm_levels",
        "structural_type": "CR/LFINF+CDM/H:4-7",
        "structural_type_source": "assumed_default_for_region",
        "pga_g": 0.4539,
        "damage_state_probs": {
          "none": 0.0134,
          "slight": 0.1765,
          "moderate": 0.3472,
          "extensive": 0.243,
          "collapse": 0.2199
        },
        "predicted_damage_state": "moderate",
        "ground_truth_damage_state": "moderate"
      }
    },
    {
      "type": "Feature",
      "geometry": {
        "type": "Polygon",
        "coordinates": [
          [
            [
              36.161733,
              36.219733
            ],
            [
              36.1636,
              36.219733
            ],
            [
              36.1636,
              36.220573
            ],
            [
              36.161733,
              36.220573
            ],
            [
              36.161733,
              36.219733
            ]
          ]
        ]
      },
      "properties": {
        "building_id": "bldg_antakya_000297",
        "height_m": 4.6,
        "height_source": "google_open_buildings",
        "structural_type": "CR/LFINF+CDM/H:1-3",
        "structural_type_source": "assumed_default_for_region",
        "pga_g": 0.4569,
        "damage_state_probs": {
          "none": 0.0312,
          "slight": 0.2274,
          "moderate": 0.3627,
          "extensive": 0.2088,
          "collapse": 0.1698
        },
        "predicted_damage_state": "moderate",
        "ground_truth_damage_state": "moderate"
      }
    },
    {
      "type": "Feature",
      "geometry": {
        "type": "Polygon",
        "coordinates": [
          [
            [
              36.161733,
              36.22076
            ],
            [
              36.1636,
              36.22076
            ],
            [
              36.1636,
              36.2216
            ],
            [
              36.161733,
              36.2216
            ],
            [
              36.161733,
              36.22076
            ]
          ]
        ]
      },
      "properties": {
        "building_id": "bldg_antakya_000298",
        "height_m": 16.9,
        "height_source": "osm_levels",
        "structural_type": "CR/LFINF+CDM/H:4-7",
        "structural_type_source": "assumed_default_for_region",
        "pga_g": 0.4562,
        "damage_state_probs": {
          "none": 0.0131,
          "slight": 0.1743,
          "moderate": 0.3464,
          "extensive": 0.244,
          "collapse": 0.2222
        },
        "predicted_damage_state": "moderate",
        "ground_truth_damage_state": "moderate"
      }
    },
    {
      "type": "Feature",
      "geometry": {
        "type": "Polygon",
        "coordinates": [
          [
            [
              36.1644,
              36.219733
            ],
            [
              36.166267,
              36.219733
            ],
            [
              36.166267,
              36.220573
            ],
            [
              36.1644,
              36.220573
            ],
            [
              36.1644,
              36.219733
            ]
          ]
        ]
      },
      "properties": {
        "building_id": "bldg_antakya_000299",
        "height_m": 12.4,
        "height_source": "osm_levels",
        "structural_type": "CR/LFINF+CDM/H:4-7",
        "structural_type_source": "assumed_default_for_region",
        "pga_g": 0.4591,
        "damage_state_probs": {
          "none": 0.0126,
          "slight": 0.1717,
          "moderate": 0.3453,
          "extensive": 0.2453,
          "collapse": 0.2251
        },
        "predicted_damage_state": "moderate",
        "ground_truth_damage_state": "moderate"
      }
    },
    {
      "type": "Feature",
      "geometry": {
        "type": "Polygon",
        "coordinates": [
          [
            [
              36.1644,
              36.22076
            ],
            [
              36.166267,
              36.22076
            ],
            [
              36.166267,
              36.2216
            ],
            [
              36.1644,
              36.2216
            ],
            [
              36.1644,
              36.22076
            ]
          ]
        ]
      },
      "properties": {
        "building_id": "bldg_antakya_000300",
        "height_m": 12.3,
        "height_source": "osm_levels",
        "structural_type": "CR/LFINF+CDM/H:4-7",
        "structural_type_source": "assumed_default_for_region",
        "pga_g": 0.4584,
        "damage_state_probs": {
          "none": 0.0127,
          "slight": 0.1723,
          "moderate": 0.3455,
          "extensive": 0.245,
          "collapse": 0.2244
        },
        "predicted_damage_state": "moderate",
        "ground_truth_damage_state": "moderate"
      }
    },
    {
      "type": "Feature",
      "geometry": {
        "type": "Polygon",
        "coordinates": [
          [
            [
              36.169733,
              36.219733
            ],
            [
              36.1716,
              36.219733
            ],
            [
              36.1716,
              36.220573
            ],
            [
              36.169733,
              36.220573
            ],
            [
              36.169733,
              36.219733
            ]
          ]
        ]
      },
      "properties": {
        "building_id": "bldg_antakya_000301",
        "height_m": 5.3,
        "height_source": "google_open_buildings",
        "structural_type": "URM/LWAL/H:1-2",
        "structural_type_source": "assumed_default_for_region",
        "pga_g": 0.4632,
        "damage_state_probs": {
          "none": 0.0027,
          "slight": 0.0781,
          "moderate": 0.2524,
          "extensive": 0.2637,
          "collapse": 0.4031
        },
        "predicted_damage_state": "collapse",
        "ground_truth_damage_state": "extensive"
      }
    },
    {
      "type": "Feature",
      "geometry": {
        "type": "Polygon",
        "coordinates": [
          [
            [
              36.169733,
              36.22076
            ],
            [
              36.1716,
              36.22076
            ],
            [
              36.1716,
              36.2216
            ],
            [
              36.169733,
              36.2216
            ],
            [
              36.169733,
              36.22076
            ]
          ]
        ]
      },
      "properties": {
        "building_id": "bldg_antakya_000302",
        "height_m": 26.3,
        "height_source": "assumed_regional_average",
        "structural_type": "CR/LFINF+CDM/H:8+",
        "structural_type_source": "assumed_default_for_region",
        "pga_g": 0.4625,
        "damage_state_probs": {
          "none": 0.0035,
          "slight": 0.113,
          "moderate": 0.3197,
          "extensive": 0.2872,
          "collapse": 0.2766
        },
        "predicted_damage_state": "moderate",
        "ground_truth_damage_state": "extensive"
      }
    },
    {
      "type": "Feature",
      "geometry": {
        "type": "Polygon",
        "coordinates": [
          [
            [
              36.1724,
              36.219733
            ],
            [
              36.174267,
              36.219733
            ],
            [
              36.174267,
              36.220573
            ],
            [
              36.1724,
              36.220573
            ],
            [
              36.1724,
              36.219733
            ]
          ]
        ]
      },
      "properties": {
        "building_id": "bldg_antakya_000303",
        "height_m": 21.6,
        "height_source": "osm_levels",
        "structural_type": "CR/LFINF+CDM/H:4-7",
        "structural_type_source": "assumed_default_for_region",
        "pga_g": 0.4651,
        "damage_state_probs": {
          "none": 0.0118,
          "slight": 0.1663,
          "moderate": 0.3429,
          "extensive": 0.2479,
          "collapse": 0.2311
        },
        "predicted_damage_state": "moderate",
        "ground_truth_damage_state": "moderate"
      }
    },
    {
      "type": "Feature",
      "geometry": {
        "type": "Polygon",
        "coordinates": [
          [
            [
              36.1724,
              36.22076
            ],
            [
              36.174267,
              36.22076
            ],
            [
              36.174267,
              36.2216
            ],
            [
              36.1724,
              36.2216
            ],
            [
              36.1724,
              36.22076
            ]
          ]
        ]
      },
      "properties": {
        "building_id": "bldg_antakya_000304",
        "height_m": 19.4,
        "height_source": "osm_levels",
        "structural_type": "CR/LFINF+CDM/H:4-7",
        "structural_type_source": "assumed_default_for_region",
        "pga_g": 0.4645,
        "damage_state_probs": {
          "none": 0.0119,
          "slight": 0.1668,
          "moderate": 0.3431,
          "extensive": 0.2477,
          "collapse": 0.2305
        },
        "predicted_damage_state": "moderate",
        "ground_truth_damage_state": "moderate"
      }
    },
    {
      "type": "Feature",
      "geometry": {
        "type": "Polygon",
        "coordinates": [
          [
            [
              36.175067,
              36.219733
            ],
            [
              36.176933,
              36.219733
            ],
            [
              36.176933,
              36.220573
            ],
            [
              36.175067,
              36.220573
            ],
            [
              36.175067,
              36.219733
            ]
          ]
        ]
      },
      "properties": {
        "building_id": "bldg_antakya_000305",
        "height_m": 14.7,
        "height_source": "osm_levels",
        "structural_type": "CR/LFINF+CDM/H:4-7",
        "structural_type_source": "assumed_default_for_region",
        "pga_g": 0.4669,
        "damage_state_probs": {
          "none": 0.0116,
          "slight": 0.1647,
          "moderate": 0.3421,
          "extensive": 0.2487,
          "collapse": 0.2329
        },
        "predicted_damage_state": "moderate",
        "ground_truth_damage_state": "moderate"
      }
    },
    {
      "type": "Feature",
      "geometry": {
        "type": "Polygon",
        "coordinates": [
          [
            [
              36.175067,
              36.22076
            ],
            [
              36.176933,
              36.22076
            ],
            [
              36.176933,
              36.2216
            ],
            [
              36.175067,
              36.2216
            ],
            [
              36.175067,
              36.22076
            ]
          ]
        ]
      },
      "properties": {
        "building_id": "bldg_antakya_000306",
        "height_m": 17.2,
        "height_source": "osm_levels",
        "structural_type": "CR/LFINF+CDM/H:4-7",
        "structural_type_source": "assumed_default_for_region",
        "pga_g": 0.4664,
        "damage_state_probs": {
          "none": 0.0116,
          "slight": 0.1651,
          "moderate": 0.3423,
          "extensive": 0.2485,
          "collapse": 0.2324
        },
        "predicted_damage_state": "moderate",
        "ground_truth_damage_state": "moderate"
      }
    },
    {
      "type": "Feature",
      "geometry": {
        "type": "Polygon",
        "coordinates": [
          [
            [
              36.177733,
              36.219733
            ],
            [
              36.1796,
              36.219733
            ],
            [
              36.1796,
              36.220573
            ],
            [
              36.177733,
              36.220573
            ],
            [
              36.177733,
              36.219733
            ]
          ]
        ]
      },
      "properties": {
        "building_id": "bldg_antakya_000307",
        "height_m": 28.4,
        "height_source": "assumed_regional_average",
        "structural_type": "CR/LFINF+CDM/H:8+",
        "structural_type_source": "assumed_default_for_region",
        "pga_g": 0.4687,
        "damage_state_probs": {
          "none": 0.0032,
          "slight": 0.1086,
          "moderate": 0.3156,
          "extensive": 0.2891,
          "collapse": 0.2835
        },
        "predicted_damage_state": "moderate",
        "ground_truth_damage_state": "moderate"
      }
    },
    {
      "type": "Feature",
      "geometry": {
        "type": "Polygon",
        "coordinates": [
          [
            [
              36.177733,
              36.22076
            ],
            [
              36.1796,
              36.22076
            ],
            [
              36.1796,
              36.2216
            ],
            [
              36.177733,
              36.2216
            ],
            [
              36.177733,
              36.22076
            ]
          ]
        ]
      },
      "properties": {
        "building_id": "bldg_antakya_000308",
        "height_m": 15.7,
        "height_source": "osm_levels",
        "structural_type": "CR/LFINF+CDM/H:4-7",
        "structural_type_source": "assumed_default_for_region",
        "pga_g": 0.4681,
        "damage_state_probs": {
          "none": 0.0114,
          "slight": 0.1636,
          "moderate": 0.3416,
          "extensive": 0.2492,
          "collapse": 0.2342
        },
        "predicted_damage_state": "moderate",
        "ground_truth_damage_state": "moderate"
      }
    },
    {
      "type": "Feature",
      "geometry": {
        "type": "Polygon",
        "coordinates": [
          [
            [
              36.1404,
              36.2224
            ],
            [
              36.142267,
              36.2224
            ],
            [
              36.142267,
              36.22324
            ],
            [
              36.1404,
              36.22324
            ],
            [
              36.1404,
              36.2224
            ]
          ]
        ]
      },
      "properties": {
        "building_id": "bldg_antakya_000309",
        "height_m": 23.7,
        "height_source": "osm_levels",
        "structural_type": "CR/LFINF+CDM/H:8+",
        "structural_type_source": "assumed_default_for_region",
        "pga_g": 0.4351,
        "damage_state_probs": {
          "none": 0.005,
          "slight": 0.1347,
          "moderate": 0.3368,
          "extensive": 0.2774,
          "collapse": 0.2461
        },
        "predicted_damage_state": "moderate",
        "ground_truth_damage_state": "extensive"
      }
    },
    {
      "type": "Feature",
      "geometry": {
        "type": "Polygon",
        "coordinates": [
          [
            [
              36.1404,
              36.223427
            ],
            [
              36.142267,
              36.223427
            ],
            [
              36.142267,
              36.224267
            ],
            [
              36.1404,
              36.224267
            ],
            [
              36.1404,
              36.223427
            ]
          ]
        ]
      },
      "properties": {
        "building_id": "bldg_antakya_000310",
        "height_m": 13.3,
        "height_source": "osm_levels",
        "structural_type": "CR/LFINF+CDM/H:4-7",
        "structural_type_source": "assumed_default_for_region",
        "pga_g": 0.4343,
        "damage_state_probs": {
          "none": 0.0167,
          "slight": 0.1957,
          "moderate": 0.3538,
          "extensive": 0.2335,
          "collapse": 0.2003
        },
        "predicted_damage_state": "moderate",
        "ground_truth_damage_state": "moderate"
      }
    },
    {
      "type": "Feature",
      "geometry": {
        "type": "Polygon",
        "coordinates": [
          [
            [
              36.143067,
              36.2224
            ],
            [
              36.144933,
              36.2224
            ],
            [
              36.144933,
              36.22324
            ],
            [
              36.143067,
              36.22324
            ],
            [
              36.143067,
              36.2224
            ]
          ]
        ]
      },
      "properties": {
        "building_id": "bldg_antakya_000311",
        "height_m": 18.9,
        "height_source": "osm_levels",
        "structural_type": "CR/LFINF+CDM/H:4-7",
        "structural_type_source": "assumed_default_for_region",
        "pga_g": 0.4378,
        "damage_state_probs": {
          "none": 0.0161,
          "slight": 0.1921,
          "moderate": 0.3527,
          "extensive": 0.2353,
          "collapse": 0.2038
        },
        "predicted_damage_state": "moderate",
        "ground_truth_damage_state": "moderate"
      }
    },
    {
      "type": "Feature",
      "geometry": {
        "type": "Polygon",
        "coordinates": [
          [
            [
              36.143067,
              36.223427
            ],
            [
              36.144933,
              36.223427
            ],
            [
              36.144933,
              36.224267
            ],
            [
              36.143067,
              36.224267
            ],
            [
              36.143067,
              36.223427
            ]
          ]
        ]
      },
      "properties": {
        "building_id": "bldg_antakya_000312",
        "height_m": 4.6,
        "height_source": "google_open_buildings",
        "structural_type": "URM/LWAL/H:1-2",
        "structural_type_source": "assumed_default_for_region",
        "pga_g": 0.437,
        "damage_state_probs": {
          "none": 0.0037,
          "slight": 0.0927,
          "moderate": 0.27,
          "extensive": 0.2624,
          "collapse": 0.3712
        },
        "predicted_damage_state": "collapse",
        "ground_truth_damage_state": "extensive"
      }
    },
    {
      "type": "Feature",
      "geometry": {
        "type": "Polygon",
        "coordinates": [
          [
            [
              36.1484,
              36.2224
            ],
            [
              36.150267,
              36.2224
            ],
            [
              36.150267,
              36.22324
            ],
            [
              36.1484,
              36.22324
            ],
            [
              36.1484,
              36.2224
            ]
          ]
        ]
      },
      "properties": {
        "building_id": "bldg_antakya_000313",
        "height_m": 15.6,
        "height_source": "osm_levels",
        "structural_type": "CR/LFINF+CDM/H:4-7",
        "structural_type_source": "assumed_default_for_region",
        "pga_g": 0.443,
        "damage_state_probs": {
          "none": 0.0152,
          "slight": 0.1869,
          "moderate": 0.3511,
          "extensive": 0.2379,
          "collapse": 0.209
        },
        "predicted_damage_state": "moderate",
        "ground_truth_damage_state": "moderate"
      }
    },
    {
      "type": "Feature",
      "geometry": {
        "type": "Polygon",
        "coordinates": [
          [
            [
              36.1484,
              36.223427
            ],
            [
              36.150267,
              36.223427
            ],
            [
              36.150267,
              36.224267
            ],
            [
              36.1484,
              36.224267
            ],
            [
              36.1484,
              36.223427
            ]
          ]
        ]
      },
      "properties": {
        "building_id": "bldg_antakya_000314",
        "height_m": 13.4,
        "height_source": "osm_levels",
        "structural_type": "CR/LFINF+CDM/H:4-7",
        "structural_type_source": "assumed_default_for_region",
        "pga_g": 0.4422,
        "damage_state_probs": {
          "none": 0.0153,
          "slight": 0.1877,
          "moderate": 0.3513,
          "extensive": 0.2375,
          "collapse": 0.2082
        },
        "predicted_damage_state": "moderate",
        "ground_truth_damage_state": "extensive"
      }
    },
    {
      "type": "Feature",
      "geometry": {
        "type": "Polygon",
        "coordinates": [
          [
            [
              36.151067,
              36.2224
            ],
            [
              36.152933,
              36.2224
            ],
            [
              36.152933,
              36.22324
            ],
            [
              36.151067,
              36.22324
            ],
            [
              36.151067,
              36.2224
            ]
          ]
        ]
      },
      "properties": {
        "building_id": "bldg_antakya_000315",
        "height_m": 22.2,
        "height_source": "osm_levels",
        "structural_type": "CR/LFINF+CDM/H:8+",
        "structural_type_source": "assumed_default_for_region",
        "pga_g": 0.4455,
        "damage_state_probs": {
          "none": 0.0044,
          "slight": 0.126,
          "moderate": 0.3305,
          "extensive": 0.2815,
          "collapse": 0.2576
        },
        "predicted_damage_state": "moderate",
        "ground_truth_damage_state": "slight"
      }
    },
    {
      "type": "Feature",
      "geometry": {
        "type": "Polygon",
        "coordinates": [
          [
            [
              36.151067,
              36.223427
            ],
            [
              36.152933,
              36.223427
            ],
            [
              36.152933,
              36.224267
            ],
            [
              36.151067,
              36.224267
            ],
            [
              36.151067,
              36.223427
            ]
          ]
        ]
      },
      "properties": {
        "building_id": "bldg_antakya_000316",
        "height_m": 16.1,
        "height_source": "osm_levels",
        "structural_type": "CR/LFINF+CDM/H:4-7",
        "structural_type_source": "assumed_default_for_region",
        "pga_g": 0.4447,
        "damage_state_probs": {
          "none": 0.0149,
          "slight": 0.1853,
          "moderate": 0.3505,
          "extensive": 0.2387,
          "collapse": 0.2107
        },
        "predicted_damage_state": "moderate",
        "ground_truth_damage_state": "moderate"
      }
    },
    {
      "type": "Feature",
      "geometry": {
        "type": "Polygon",
        "coordinates": [
          [
            [
              36.153733,
              36.2224
            ],
            [
              36.1556,
              36.2224
            ],
            [
              36.1556,
              36.22324
            ],
            [
              36.153733,
              36.22324
            ],
            [
              36.153733,
              36.2224
            ]
          ]
        ]
      },
      "properties": {
        "building_id": "bldg_antakya_000317",
        "height_m": 33.7,
        "height_source": "assumed_regional_average",
        "structural_type": "CR/LFINF+CDM/H:8+",
        "structural_type_source": "assumed_default_for_region",
        "pga_g": 0.448,
        "damage_state_probs": {
          "none": 0.0042,
          "slight": 0.124,
          "moderate": 0.3289,
          "extensive": 0.2824,
          "collapse": 0.2604
        },
        "predicted_damage_state": "moderate",
        "ground_truth_damage_state": "extensive"
      }
    },
    {
      "type": "Feature",
      "geometry": {
        "type": "Polygon",
        "coordinates": [
          [
            [
              36.153733,
              36.223427
            ],
            [
              36.1556,
              36.223427
            ],
            [
              36.1556,
              36.224267
            ],
            [
              36.153733,
              36.224267
            ],
            [
              36.153733,
              36.223427
            ]
          ]
        ]
      },
      "properties": {
        "building_id": "bldg_antakya_000318",
        "height_m": 16.0,
        "height_source": "osm_levels",
        "structural_type": "CR/LFINF+CDM/H:4-7",
        "structural_type_source": "assumed_default_for_region",
        "pga_g": 0.4472,
        "damage_state_probs": {
          "none": 0.0145,
          "slight": 0.1828,
          "moderate": 0.3497,
          "extensive": 0.2399,
          "collapse": 0.2132
        },
        "predicted_damage_state": "moderate",
        "ground_truth_damage_state": "moderate"
      }
    },
    {
      "type": "Feature",
      "geometry": {
        "type": "Polygon",
        "coordinates": [
          [
            [
              36.1564,
              36.2224
            ],
            [
              36.158267,
              36.2224
            ],
            [
              36.158267,
              36.22324
            ],
            [
              36.1564,
              36.22324
            ],
            [
              36.1564,
              36.2224
            ]
          ]
        ]
      },
      "properties": {
        "building_id": "bldg_antakya_000319",
        "height_m": 29.7,
        "height_source": "assumed_regional_average",
        "structural_type": "CR/LFINF+CDM/H:8+",
        "structural_type_source": "assumed_default_for_region",
        "pga_g": 0.4504,
        "damage_state_probs": {
          "none": 0.0041,
          "slight": 0.1221,
          "moderate": 0.3274,
          "extensive": 0.2832,
          "collapse": 0.2631
        },
        "predicted_damage_state": "moderate",
        "ground_truth_damage_state": "moderate"
      }
    },
    {
      "type": "Feature",
      "geometry": {
        "type": "Polygon",
        "coordinates": [
          [
            [
              36.1564,
              36.223427
            ],
            [
              36.158267,
              36.223427
            ],
            [
              36.158267,
              36.224267
            ],
            [
              36.1564,
              36.224267
            ],
            [
              36.1564,
              36.223427
            ]
          ]
        ]
      },
      "properties": {
        "building_id": "bldg_antakya_000320",
        "height_m": 15.9,
        "height_source": "osm_levels",
        "structural_type": "CR/LFINF+CDM/H:4-7",
        "structural_type_source": "assumed_default_for_region",
        "pga_g": 0.4497,
        "damage_state_probs": {
          "none": 0.014,
          "slight": 0.1804,
          "moderate": 0.3488,
          "extensive": 0.2411,
          "collapse": 0.2157
        },
        "predicted_damage_state": "moderate",
        "ground_truth_damage_state": "moderate"
      }
    },
    {
      "type": "Feature",
      "geometry": {
        "type": "Polygon",
        "coordinates": [
          [
            [
              36.159067,
              36.2224
            ],
            [
              36.160933,
              36.2224
            ],
            [
              36.160933,
              36.22324
            ],
            [
              36.159067,
              36.22324
            ],
            [
              36.159067,
              36.2224
            ]
          ]
        ]
      },
      "properties": {
        "building_id": "bldg_antakya_000321",
        "height_m": 34.1,
        "height_source": "assumed_regional_average",
        "structural_type": "CR/LFINF+CDM/H:8+",
        "structural_type_source": "assumed_default_for_region",
        "pga_g": 0.4528,
        "damage_state_probs": {
          "none": 0.004,
          "slight": 0.1203,
          "moderate": 0.3259,
          "extensive": 0.2841,
          "collapse": 0.2658
        },
        "predicted_damage_state": "moderate",
        "ground_truth_damage_state": "moderate"
      }
    },
    {
      "type": "Feature",
      "geometry": {
        "type": "Polygon",
        "coordinates": [
          [
            [
              36.159067,
              36.223427
            ],
            [
              36.160933,
              36.223427
            ],
            [
              36.160933,
              36.224267
            ],
            [
              36.159067,
              36.224267
            ],
            [
              36.159067,
              36.223427
            ]
          ]
        ]
      },
      "properties": {
        "building_id": "bldg_antakya_000322",
        "height_m": 4.7,
        "height_source": "google_open_buildings",
        "structural_type": "URM/LWAL/H:1-2",
        "structural_type_source": "assumed_default_for_region",
        "pga_g": 0.452,
        "damage_state_probs": {
          "none": 0.003,
          "slight": 0.084,
          "moderate": 0.2599,
          "extensive": 0.2634,
          "collapse": 0.3896
        },
        "predicted_damage_state": "collapse",
        "ground_truth_damage_state": "collapse"
      }
    },
    {
      "type": "Feature",
      "geometry": {
        "type": "Polygon",
        "coordinates": [
          [
            [
              36.161733,
              36.2224
            ],
            [
              36.1636,
              36.2224
            ],
            [
              36.1636,
              36.22324
            ],
            [
              36.161733,
              36.22324
            ],
            [
              36.161733,
              36.2224
            ]
          ]
        ]
      },
      "properties": {
        "building_id": "bldg_antakya_000323",
        "height_m": 21.4,
        "height_source": "osm_levels",
        "structural_type": "CR/LFINF+CDM/H:4-7",
        "structural_type_source": "assumed_default_for_region",
        "pga_g": 0.4551,
        "damage_state_probs": {
          "none": 0.0132,
          "slight": 0.1754,
          "moderate": 0.3468,
          "extensive": 0.2435,
          "collapse": 0.2211
        },
        "predicted_damage_state": "moderate",
        "ground_truth_damage_state": "extensive"
      }
    },
    {
      "type": "Feature",
      "geometry": {
        "type": "Polygon",
        "coordinates": [
          [
            [
              36.161733,
              36.223427
            ],
            [
              36.1636,
              36.223427
            ],
            [
              36.1636,
              36.224267
            ],
            [
              36.161733,
              36.224267
            ],
            [
              36.161733,
              36.223427
            ]
          ]
        ]
      },
      "properties": {
        "building_id": "bldg_antakya_000324",
        "height_m": 12.7,
        "height_source": "osm_levels",
        "structural_type": "CR/LFINF+CDM/H:4-7",
        "structural_type_source": "assumed_default_for_region",
        "pga_g": 0.4543,
        "damage_state_probs": {
          "none": 0.0133,
          "slight": 0.1761,
          "moderate": 0.3471,
          "extensive": 0.2432,
          "collapse": 0.2203
        },
        "predicted_damage_state": "moderate",
        "ground_truth_damage_state": "extensive"
      }
    },
    {
      "type": "Feature",
      "geometry": {
        "type": "Polygon",
        "coordinates": [
          [
            [
              36.167067,
              36.2224
            ],
            [
              36.168933,
              36.2224
            ],
            [
              36.168933,
              36.22324
            ],
            [
              36.167067,
              36.22324
            ],
            [
              36.167067,
              36.2224
            ]
          ]
        ]
      },
      "properties": {
        "building_id": "bldg_antakya_000325",
        "height_m": 22.2,
        "height_source": "osm_levels",
        "structural_type": "CR/LFINF+CDM/H:8+",
        "structural_type_source": "assumed_default_for_region",
        "pga_g": 0.4594,
        "damage_state_probs": {
          "none": 0.0036,
          "slight": 0.1153,
          "moderate": 0.3217,
          "extensive": 0.2863,
          "collapse": 0.2731
        },
        "predicted_damage_state": "moderate",
        "ground_truth_damage_state": "moderate"
      }
    },
    {
      "type": "Feature",
      "geometry": {
        "type": "Polygon",
        "coordinates": [
          [
            [
              36.167067,
              36.223427
            ],
            [
              36.168933,
              36.223427
            ],
            [
              36.168933,
              36.224267
            ],
            [
              36.167067,
              36.224267
            ],
            [
              36.167067,
              36.223427
            ]
          ]
        ]
      },
      "properties": {
        "building_id": "bldg_antakya_000326",
        "height_m": 30.5,
        "height_source": "assumed_regional_average",
        "structural_type": "CR/LFINF+CDM/H:8+",
        "structural_type_source": "assumed_default_for_region",
        "pga_g": 0.4588,
        "damage_state_probs": {
          "none": 0.0037,
          "slight": 0.1157,
          "moderate": 0.3221,
          "extensive": 0.2861,
          "collapse": 0.2725
        },
        "predicted_damage_state": "moderate",
        "ground_truth_damage_state": "extensive"
      }
    },
    {
      "type": "Feature",
      "geometry": {
        "type": "Polygon",
        "coordinates": [
          [
            [
              36.169733,
              36.2224
            ],
            [
              36.1716,
              36.2224
            ],
            [
              36.1716,
              36.22324
            ],
            [
              36.169733,
              36.22324
            ],
            [
              36.169733,
              36.2224
            ]
          ]
        ]
      },
      "properties": {
        "building_id": "bldg_antakya_000327",
        "height_m": 12.5,
        "height_source": "osm_levels",
        "structural_type": "CR/LFINF+CDM/H:4-7",
        "structural_type_source": "assumed_default_for_region",
        "pga_g": 0.4615,
        "damage_state_probs": {
          "none": 0.0123,
          "slight": 0.1695,
          "moderate": 0.3443,
          "extensive": 0.2464,
          "collapse": 0.2275
        },
        "predicted_damage_state": "moderate",
        "ground_truth_damage_state": "moderate"
      }
    },
    {
      "type": "Feature",
      "geometry": {
        "type": "Polygon",
        "coordinates": [
          [
            [
              36.169733,
              36.223427
            ],
            [
              36.1716,
              36.223427
            ],
            [
              36.1716,
              36.224267
            ],
            [
              36.169733,
              36.224267
            ],
            [
              36.169733,
              36.223427
            ]
          ]
        ]
      },
      "properties": {
        "building_id": "bldg_antakya_000328",
        "height_m": 5.1,
        "height_source": "google_open_buildings",
        "structural_type": "URM/LWAL/H:1-2",
        "structural_type_source": "assumed_default_for_region",
        "pga_g": 0.4609,
        "damage_state_probs": {
          "none": 0.0027,
          "slight": 0.0793,
          "moderate": 0.2539,
          "extensive": 0.2637,
          "collapse": 0.4003
        },
        "predicted_damage_state": "collapse",
        "ground_truth_damage_state": "collapse"
      }
    },
    {
      "type": "Feature",
      "geometry": {
        "type": "Polygon",
        "coordinates": [
          [
            [
              36.1724,
              36.2224
            ],
            [
              36.174267,
              36.2224
            ],
            [
              36.174267,
              36.22324
            ],
            [
              36.1724,
              36.22324
            ],
            [
              36.1724,
              36.2224
            ]
          ]
        ]
      },
      "properties": {
        "building_id": "bldg_antakya_000329",
        "height_m": 12.5,
        "height_source": "osm_levels",
        "structural_type": "CR/LFINF+CDM/H:4-7",
        "structural_type_source": "assumed_default_for_region",
        "pga_g": 0.4635,
        "damage_state_probs": {
          "none": 0.012,
          "slight": 0.1677,
          "moderate": 0.3435,
          "extensive": 0.2472,
          "collapse": 0.2295
        },
        "predicted_damage_state": "moderate",
        "ground_truth_damage_state": "moderate"
      }
    },
    {
      "type": "Feature",
      "geometry": {
        "type": "Polygon",
        "coordinates": [
          [
            [
              36.1724,
              36.223427
            ],
            [
              36.174267,
              36.223427
            ],
            [
              36.174267,
              36.224267
            ],
            [
              36.1724,
              36.224267
            ],
            [
              36.1724,
              36.223427
            ]
          ]
        ]
      },
      "properties": {
        "building_id": "bldg_antakya_000330",
        "height_m": 34.2,
        "height_source": "assumed_regional_average",
        "structural_type": "CR/LFINF+CDM/H:8+",
        "structural_type_source": "assumed_default_for_region",
        "pga_g": 0.4629,
        "damage_state_probs": {
          "none": 0.0035,
          "slight": 0.1127,
          "moderate": 0.3194,
          "extensive": 0.2873,
          "collapse": 0.277
        },
        "predicted_damage_state": "moderate",
        "ground_truth_damage_state": "moderate"
      }
    },
    {
      "type": "Feature",
      "geometry": {
        "type": "Polygon",
        "coordinates": [
          [
            [
              36.175067,
              36.2224
            ],
            [
              36.176933,
              36.2224
            ],
            [
              36.176933,
              36.22324
            ],
            [
              36.175067,
              36.22324
            ],
            [
              36.175067,
              36.2224
            ]
          ]
        ]
      },
      "properties": {
        "building_id": "bldg_antakya_000331",
        "height_m": 17.7,
        "height_source": "osm_levels",
        "structural_type": "CR/LFINF+CDM/H:4-7",
        "structural_type_source": "assumed_default_for_region",
        "pga_g": 0.4654,
        "damage_state_probs": {
          "none": 0.0118,
          "slight": 0.166,
          "moderate": 0.3427,
          "extensive": 0.248,
          "collapse": 0.2314
        },
        "predicted_damage_state": "moderate",
        "ground_truth_damage_state": "extensive"
      }
    },
    {
      "type": "Feature",
      "geometry": {
        "type": "Polygon",
        "coordinates": [
          [
            [
              36.175067,
              36.223427
            ],
            [
              36.176933,
              36.223427
            ],
            [
              36.176933,
              36.224267
            ],
            [
              36.175067,
              36.224267
            ],
            [
              36.175067,
              36.223427
            ]
          ]
        ]
      },
      "properties": {
        "building_id": "bldg_antakya_000332",
        "height_m": 32.4,
        "height_source": "assumed_regional_average",
        "structural_type": "CR/LFINF+CDM/H:8+",
        "structural_type_source": "assumed_default_for_region",
        "pga_g": 0.4648,
        "damage_state_probs": {
          "none": 0.0034,
          "slight": 0.1113,
          "moderate": 0.3182,
          "extensive": 0.2879,
          "collapse": 0.2792
        },
        "predicted_damage_state": "moderate",
        "ground_truth_damage_state": "extensive"
      }
    },
    {
      "type": "Feature",
      "geometry": {
        "type": "Polygon",
        "coordinates": [
          [
            [
              36.177733,
              36.2224
            ],
            [
              36.1796,
              36.2224
            ],
            [
              36.1796,
              36.22324
            ],
            [
              36.177733,
              36.22324
            ],
            [
              36.177733,
              36.2224
            ]
          ]
        ]
      },
      "properties": {
        "building_id": "bldg_antakya_000333",
        "height_m": 12.2,
        "height_source": "osm_levels",
        "structural_type": "CR/LFINF+CDM/H:4-7",
        "structural_type_source": "assumed_default_for_region",
        "pga_g": 0.4673,
        "damage_state_probs": {
          "none": 0.0115,
          "slight": 0.1643,
          "moderate": 0.342,
          "extensive": 0.2488,
          "collapse": 0.2334
        },
        "predicted_damage_state": "moderate",
        "ground_truth_damage_state": "moderate"
      }
    },
    {
      "type": "Feature",
      "geometry": {
        "type": "Polygon",
        "coordinates": [
          [
            [
              36.177733,
              36.223427
            ],
            [
              36.1796,
              36.223427
            ],
            [
              36.1796,
              36.224267
            ],
            [
              36.177733,
              36.224267
            ],
            [
              36.177733,
              36.223427
            ]
          ]
        ]
      },
      "properties": {
        "building_id": "bldg_antakya_000334",
        "height_m": 20.8,
        "height_source": "osm_levels",
        "structural_type": "CR/LFINF+CDM/H:4-7",
        "structural_type_source": "assumed_default_for_region",
        "pga_g": 0.4667,
        "damage_state_probs": {
          "none": 0.0116,
          "slight": 0.1649,
          "moderate": 0.3422,
          "extensive": 0.2486,
          "collapse": 0.2327
        },
        "predicted_damage_state": "moderate",
        "ground_truth_damage_state": "extensive"
      }
    },
    {
      "type": "Feature",
      "geometry": {
        "type": "Polygon",
        "coordinates": [
          [
            [
              36.1404,
              36.225067
            ],
            [
              36.142267,
              36.225067
            ],
            [
              36.142267,
              36.225907
            ],
            [
              36.1404,
              36.225907
            ],
            [
              36.1404,
              36.225067
            ]
          ]
        ]
      },
      "properties": {
        "building_id": "bldg_antakya_000335",
        "height_m": 23.5,
        "height_source": "osm_levels",
        "structural_type": "CR/LFINF+CDM/H:8+",
        "structural_type_source": "assumed_default_for_region",
        "pga_g": 0.4329,
        "damage_state_probs": {
          "none": 0.0051,
          "slight": 0.1366,
          "moderate": 0.3381,
          "extensive": 0.2765,
          "collapse": 0.2436
        },
        "predicted_damage_state": "moderate",
        "ground_truth_damage_state": "moderate"
      }
    },
    {
      "type": "Feature",
      "geometry": {
        "type": "Polygon",
        "coordinates": [
          [
            [
              36.1404,
              36.226093
            ],
            [
              36.142267,
              36.226093
            ],
            [
              36.142267,
              36.226933
            ],
            [
              36.1404,
              36.226933
            ],
            [
              36.1404,
              36.226093
            ]
          ]
        ]
      },
      "properties": {
        "building_id": "bldg_antakya_000336",
        "height_m": 5.4,
        "height_source": "google_open_buildings",
        "structural_type": "CR/LFINF+CDM/H:1-3",
        "structural_type_source": "assumed_default_for_region",
        "pga_g": 0.4321,
        "damage_state_probs": {
          "none": 0.0399,
          "slight": 0.2526,
          "moderate": 0.3637,
          "extensive": 0.1948,
          "collapse": 0.149
        },
        "predicted_damage_state": "moderate",
        "ground_truth_damage_state": "moderate"
      }
    },
    {
      "type": "Feature",
      "geometry": {
        "type": "Polygon",
        "coordinates": [
          [
            [
              36.145733,
              36.225067
            ],
            [
              36.1476,
              36.225067
            ],
            [
              36.1476,
              36.225907
            ],
            [
              36.145733,
              36.225907
            ],
            [
              36.145733,
              36.225067
            ]
          ]
        ]
      },
      "properties": {
        "building_id": "bldg_antakya_000337",
        "height_m": 12.5,
        "height_source": "osm_levels",
        "structural_type": "CR/LFINF+CDM/H:4-7",
        "structural_type_source": "assumed_default_for_region",
        "pga_g": 0.4383,
        "damage_state_probs": {
          "none": 0.016,
          "slight": 0.1916,
          "moderate": 0.3526,
          "extensive": 0.2355,
          "collapse": 0.2043
        },
        "predicted_damage_state": "moderate",
        "ground_truth_damage_state": "moderate"
      }
    },
    {
      "type": "Feature",
      "geometry": {
        "type": "Polygon",
        "coordinates": [
          [
            [
              36.145733,
              36.226093
            ],
            [
              36.1476,
              36.226093
            ],
            [
              36.1476,
              36.226933
            ],
            [
              36.145733,
              36.226933
            ],
            [
              36.145733,
              36.226093
            ]
          ]
        ]
      },
      "properties": {
        "building_id": "bldg_antakya_000338",
        "height_m": 14.0,
        "height_source": "osm_levels",
        "structural_type": "CR/LFINF+CDM/H:4-7",
        "structural_type_source": "assumed_default_for_region",
        "pga_g": 0.4375,
        "damage_state_probs": {
          "none": 0.0161,
          "slight": 0.1924,
          "moderate": 0.3528,
          "extensive": 0.2351,
          "collapse": 0.2035
        },
        "predicted_damage_state": "moderate",
        "ground_truth_damage_state": "moderate"
      }
    },
    {
      "type": "Feature",
      "geometry": {
        "type": "Polygon",
        "coordinates": [
          [
            [
              36.1484,
              36.225067
            ],
            [
              36.150267,
              36.225067
            ],
            [
              36.150267,
              36.225907
            ],
            [
              36.1484,
              36.225907
            ],
            [
              36.1484,
              36.225067
            ]
          ]
        ]
      },
      "properties": {
        "building_id": "bldg_antakya_000339",
        "height_m": 23.1,
        "height_source": "osm_levels",
        "structural_type": "CR/LFINF+CDM/H:8+",
        "structural_type_source": "assumed_default_for_region",
        "pga_g": 0.4409,
        "damage_state_probs": {
          "none": 0.0046,
          "slight": 0.1298,
          "moderate": 0.3333,
          "extensive": 0.2797,
          "collapse": 0.2525
        },
        "predicted_damage_state": "moderate",
        "ground_truth_damage_state": "slight"
      }
    },
    {
      "type": "Feature",
      "geometry": {
        "type": "Polygon",
        "coordinates": [
          [
            [
              36.1484,
              36.226093
            ],
            [
              36.150267,
              36.226093
            ],
            [
              36.150267,
              36.226933
            ],
            [
              36.1484,
              36.226933
            ],
            [
              36.1484,
              36.226093
            ]
          ]
        ]
      },
      "properties": {
        "building_id": "bldg_antakya_000340",
        "height_m": 16.2,
        "height_source": "osm_levels",
        "structural_type": "CR/LFINF+CDM/H:4-7",
        "structural_type_source": "assumed_default_for_region",
        "pga_g": 0.4401,
        "damage_state_probs": {
          "none": 0.0157,
          "slight": 0.1898,
          "moderate": 0.352,
          "extensive": 0.2364,
          "collapse": 0.2061
        },
        "predicted_damage_state": "moderate",
        "ground_truth_damage_state": "moderate"
      }
    },
    {
      "type": "Feature",
      "geometry": {
        "type": "Polygon",
        "coordinates": [
          [
            [
              36.151067,
              36.225067
            ],
            [
              36.152933,
              36.225067
            ],
            [
              36.152933,
              36.225907
            ],
            [
              36.151067,
              36.225907
            ],
            [
              36.151067,
              36.225067
            ]
          ]
        ]
      },
      "properties": {
        "building_id": "bldg_antakya_000341",
        "height_m": 17.7,
        "height_source": "osm_levels",
        "structural_type": "CR/LFINF+CDM/H:4-7",
        "structural_type_source": "assumed_default_for_region",
        "pga_g": 0.4435,
        "damage_state_probs": {
          "none": 0.0151,
          "slight": 0.1864,
          "moderate": 0.3509,
          "extensive": 0.2381,
          "collapse": 0.2095
        },
        "predicted_damage_state": "moderate",
        "ground_truth_damage_state": "moderate"
      }
    },
    {
      "type": "Feature",
      "geometry": {
        "type": "Polygon",
        "coordinates": [
          [
            [
              36.151067,
              36.226093
            ],
            [
              36.152933,
              36.226093
            ],
            [
              36.152933,
              36.226933
            ],
            [
              36.151067,
              36.226933
            ],
            [
              36.151067,
              36.226093
            ]
          ]
        ]
      },
      "properties": {
        "building_id": "bldg_antakya_000342",
        "height_m": 21.3,
        "height_source": "osm_levels",
        "structural_type": "CR/LFINF+CDM/H:4-7",
        "structural_type_source": "assumed_default_for_region",
        "pga_g": 0.4427,
        "damage_state_probs": {
          "none": 0.0152,
          "slight": 0.1872,
          "moderate": 0.3512,
          "extensive": 0.2377,
          "collapse": 0.2087
        },
        "predicted_damage_state": "moderate",
        "ground_truth_damage_state": "moderate"
      }
    },
    {
      "type": "Feature",
      "geometry": {
        "type": "Polygon",
        "coordinates": [
          [
            [
              36.153733,
              36.225067
            ],
            [
              36.1556,
              36.225067
            ],
            [
              36.1556,
              36.225907
            ],
            [
              36.153733,
              36.225907
            ],
            [
              36.153733,
              36.225067
            ]
          ]
        ]
      },
      "properties": {
        "building_id": "bldg_antakya_000343",
        "height_m": 13.9,
        "height_source": "osm_levels",
        "structural_type": "CR/LFINF+CDM/H:4-7",
        "structural_type_source": "assumed_default_for_region",
        "pga_g": 0.446,
        "damage_state_probs": {
          "none": 0.0147,
          "slight": 0.184,
          "moderate": 0.3501,
          "extensive": 0.2393,
          "collapse": 0.212
        },
        "predicted_damage_state": "moderate",
        "ground_truth_damage_state": "moderate"
      }
    },
    {
      "type": "Feature",
      "geometry": {
        "type": "Polygon",
        "coordinates": [
          [
            [
              36.153733,
              36.226093
            ],
            [
              36.1556,
              36.226093
            ],
            [
              36.1556,
              36.226933
            ],
            [
              36.153733,
              36.226933
            ],
            [
              36.153733,
              36.226093
            ]
          ]
        ]
      },
      "properties": {
        "building_id": "bldg_antakya_000344",
        "height_m": 17.8,
        "height_source": "osm_levels",
        "structural_type": "CR/LFINF+CDM/H:4-7",
        "structural_type_source": "assumed_default_for_region",
        "pga_g": 0.4452,
        "damage_state_probs": {
          "none": 0.0148,
          "slight": 0.1848,
          "moderate": 0.3503,
          "extensive": 0.2389,
          "collapse": 0.2112
        },
        "predicted_damage_state": "moderate",
        "ground_truth_damage_state": "moderate"
      }
    },
    {
      "type": "Feature",
      "geometry": {
        "type": "Polygon",
        "coordinates": [
          [
            [
              36.1564,
              36.225067
            ],
            [
              36.158267,
              36.225067
            ],
            [
              36.158267,
              36.225907
            ],
            [
              36.1564,
              36.225907
            ],
            [
              36.1564,
              36.225067
            ]
          ]
        ]
      },
      "properties": {
        "building_id": "bldg_antakya_000345",
        "height_m": 15.1,
        "height_source": "osm_levels",
        "structural_type": "CR/LFINF+CDM/H:4-7",
        "structural_type_source": "assumed_default_for_region",
        "pga_g": 0.4484,
        "damage_state_probs": {
          "none": 0.0143,
          "slight": 0.1817,
          "moderate": 0.3492,
          "extensive": 0.2405,
          "collapse": 0.2144
        },
        "predicted_damage_state": "moderate",
        "ground_truth_damage_state": "extensive"
      }
    },
    {
      "type": "Feature",
      "geometry": {
        "type": "Polygon",
        "coordinates": [
          [
            [
              36.1564,
              36.226093
            ],
            [
              36.158267,
              36.226093
            ],
            [
              36.158267,
              36.226933
            ],
            [
              36.1564,
              36.226933
            ],
            [
              36.1564,
              36.226093
            ]
          ]
        ]
      },
      "properties": {
        "building_id": "bldg_antakya_000346",
        "height_m": 32.2,
        "height_source": "assumed_regional_average",
        "structural_type": "CR/LFINF+CDM/H:8+",
        "structural_type_source": "assumed_default_for_region",
        "pga_g": 0.4477,
        "damage_state_probs": {
          "none": 0.0042,
          "slight": 0.1243,
          "moderate": 0.3291,
          "extensive": 0.2823,
          "collapse": 0.2601
        },
        "predicted_damage_state": "moderate",
        "ground_truth_damage_state": "moderate"
      }
    },
    {
      "type": "Feature",
      "geometry": {
        "type": "Polygon",
        "coordinates": [
          [
            [
              36.159067,
              36.225067
            ],
            [
              36.160933,
              36.225067
            ],
            [
              36.160933,
              36.225907
            ],
            [
              36.159067,
              36.225907
            ],
            [
              36.159067,
              36.225067
            ]
          ]
        ]
      },
      "properties": {
        "building_id": "bldg_antakya_000347",
        "height_m": 14.5,
        "height_source": "osm_levels",
        "structural_type": "CR/LFINF+CDM/H:4-7",
        "structural_type_source": "assumed_default_for_region",
        "pga_g": 0.4508,
        "damage_state_probs": {
          "none": 0.0139,
          "slight": 0.1794,
          "moderate": 0.3484,
          "extensive": 0.2416,
          "collapse": 0.2168
        },
        "predicted_damage_state": "moderate",
        "ground_truth_damage_state": "moderate"
      }
    },
    {
      "type": "Feature",
      "geometry": {
        "type": "Polygon",
        "coordinates": [
          [
            [
              36.159067,
              36.226093
            ],
            [
              36.160933,
              36.226093
            ],
            [
              36.160933,
              36.226933
            ],
            [
              36.159067,
              36.226933
            ],
            [
              36.159067,
              36.226093
            ]
          ]
        ]
      },
      "properties": {
        "building_id": "bldg_antakya_000348",
        "height_m": 5.0,
        "height_source": "google_open_buildings",
        "structural_type": "CR/LFINF+CDM/H:1-3",
        "structural_type_source": "assumed_default_for_region",
        "pga_g": 0.4501,
        "damage_state_probs": {
          "none": 0.0334,
          "slight": 0.2341,
          "moderate": 0.3633,
          "extensive": 0.2051,
          "collapse": 0.164
        },
        "predicted_damage_state": "moderate",
        "ground_truth_damage_state": "moderate"
      }
    },
    {
      "type": "Feature",
      "geometry": {
        "type": "Polygon",
        "coordinates": [
          [
            [
              36.1644,
              36.225067
            ],
            [
              36.166267,
              36.225067
            ],
            [
              36.166267,
              36.225907
            ],
            [
              36.1644,
              36.225907
            ],
            [
              36.1644,
              36.225067
            ]
          ]
        ]
      },
      "properties": {
        "building_id": "bldg_antakya_000349",
        "height_m": 16.6,
        "height_source": "osm_levels",
        "structural_type": "CR/LFINF+CDM/H:4-7",
        "structural_type_source": "assumed_default_for_region",
        "pga_g": 0.4555,
        "damage_state_probs": {
          "none": 0.0132,
          "slight": 0.175,
          "moderate": 0.3466,
          "extensive": 0.2437,
          "collapse": 0.2215
        },
        "predicted_damage_state": "moderate",
        "ground_truth_damage_state": "moderate"
      }
    },
    {
      "type": "Feature",
      "geometry": {
        "type": "Polygon",
        "coordinates": [
          [
            [
              36.1644,
              36.226093
            ],
            [
              36.166267,
              36.226093
            ],
            [
              36.166267,
              36.226933
            ],
            [
              36.1644,
              36.226933
            ],
            [
              36.1644,
              36.226093
            ]
          ]
        ]
      },
      "properties": {
        "building_id": "bldg_antakya_000350",
        "height_m": 15.3,
        "height_source": "osm_levels",
        "structural_type": "CR/LFINF+CDM/H:4-7",
        "structural_type_source": "assumed_default_for_region",
        "pga_g": 0.4548,
        "damage_state_probs": {
          "none": 0.0133,
          "slight": 0.1756,
          "moderate": 0.3469,
          "extensive": 0.2434,
          "collapse": 0.2208
        },
        "predicted_damage_state": "moderate",
        "ground_truth_damage_state": "extensive"
      }
    },
    {
      "type": "Feature",
      "geometry": {
        "type": "Polygon",
        "coordinates": [
          [
            [
              36.167067,
              36.225067
            ],
            [
              36.168933,
              36.225067
            ],
            [
              36.168933,
              36.225907
            ],
            [
              36.167067,
              36.225907
            ],
            [
              36.167067,
              36.225067
            ]
          ]
        ]
      },
      "properties": {
        "building_id": "bldg_antakya_000351",
        "height_m": 29.8,
        "height_source": "assumed_regional_average",
        "structural_type": "CR/LFINF+CDM/H:8+",
        "structural_type_source": "assumed_default_for_region",
        "pga_g": 0.4577,
        "damage_state_probs": {
          "none": 0.0037,
          "slight": 0.1165,
          "moderate": 0.3228,
          "extensive": 0.2857,
          "collapse": 0.2712
        },
        "predicted_damage_state": "moderate",
        "ground_truth_damage_state": "slight"
      }
    },
    {
      "type": "Feature",
      "geometry": {
        "type": "Polygon",
        "coordinates": [
          [
            [
              36.167067,
              36.226093
            ],
            [
              36.168933,
              36.226093
            ],
            [
              36.168933,
              36.226933
            ],
            [
              36.167067,
              36.226933
            ],
            [
              36.167067,
              36.226093
            ]
          ]
        ]
      },
      "properties": {
        "building_id": "bldg_antakya_000352",
        "height_m": 18.7,
        "height_source": "osm_levels",
        "structural_type": "CR/LFINF+CDM/H:4-7",
        "structural_type_source": "assumed_default_for_region",
        "pga_g": 0.457,
        "damage_state_probs": {
          "none": 0.0129,
          "slight": 0.1736,
          "moderate": 0.3461,
          "extensive": 0.2444,
          "collapse": 0.223
        },
        "predicted_damage_state": "moderate",
        "ground_truth_damage_state": "extensive"
      }
    },
    {
      "type": "Feature",
      "geometry": {
        "type": "Polygon",
        "coordinates": [
          [
            [
              36.169733,
              36.225067
            ],
            [
              36.1716,
              36.225067
            ],
            [
              36.1716,
              36.225907
            ],
            [
              36.169733,
              36.225907
            ],
            [
              36.169733,
              36.225067
            ]
          ]
        ]
      },
      "properties": {
        "building_id": "bldg_antakya_000353",
        "height_m": 31.7,
        "height_source": "assumed_regional_average",
        "structural_type": "CR/LFINF+CDM/H:8+",
        "structural_type_source": "assumed_default_for_region",
        "pga_g": 0.4598,
        "damage_state_probs": {
          "none": 0.0036,
          "slight": 0.115,
          "moderate": 0.3214,
          "extensive": 0.2864,
          "collapse": 0.2736
        },
        "predicted_damage_state": "moderate",
        "ground_truth_damage_state": "moderate"
      }
    },
    {
      "type": "Feature",
      "geometry": {
        "type": "Polygon",
        "coordinates": [
          [
            [
              36.169733,
              36.226093
            ],
            [
              36.1716,
              36.226093
            ],
            [
              36.1716,
              36.226933
            ],
            [
              36.169733,
              36.226933
            ],
            [
              36.169733,
              36.226093
            ]
          ]
        ]
      },
      "properties": {
        "building_id": "bldg_antakya_000354",
        "height_m": 13.0,
        "height_source": "osm_levels",
        "structural_type": "CR/LFINF+CDM/H:4-7",
        "structural_type_source": "assumed_default_for_region",
        "pga_g": 0.4592,
        "damage_state_probs": {
          "none": 0.0126,
          "slight": 0.1716,
          "moderate": 0.3452,
          "extensive": 0.2454,
          "collapse": 0.2252
        },
        "predicted_damage_state": "moderate",
        "ground_truth_damage_state": "moderate"
      }
    },
    {
      "type": "Feature",
      "geometry": {
        "type": "Polygon",
        "coordinates": [
          [
            [
              36.1724,
              36.225067
            ],
            [
              36.174267,
              36.225067
            ],
            [
              36.174267,
              36.225907
            ],
            [
              36.1724,
              36.225907
            ],
            [
              36.1724,
              36.225067
            ]
          ]
        ]
      },
      "properties": {
        "building_id": "bldg_antakya_000355",
        "height_m": 15.3,
        "height_source": "osm_levels",
        "structural_type": "CR/LFINF+CDM/H:4-7",
        "structural_type_source": "assumed_default_for_region",
        "pga_g": 0.4619,
        "damage_state_probs": {
          "none": 0.0122,
          "slight": 0.1691,
          "moderate": 0.3442,
          "extensive": 0.2465,
          "collapse": 0.2279
        },
        "predicted_damage_state": "moderate",
        "ground_truth_damage_state": "moderate"
      }
    },
    {
      "type": "Feature",
      "geometry": {
        "type": "Polygon",
        "coordinates": [
          [
            [
              36.1724,
              36.226093
            ],
            [
              36.174267,
              36.226093
            ],
            [
              36.174267,
              36.226933
            ],
            [
              36.1724,
              36.226933
            ],
            [
              36.1724,
              36.226093
            ]
          ]
        ]
      },
      "properties": {
        "building_id": "bldg_antakya_000356",
        "height_m": 6.0,
        "height_source": "google_open_buildings",
        "structural_type": "CR/LFINF+CDM/H:1-3",
        "structural_type_source": "assumed_default_for_region",
        "pga_g": 0.4613,
        "damage_state_probs": {
          "none": 0.0299,
          "slight": 0.2231,
          "moderate": 0.3622,
          "extensive": 0.2112,
          "collapse": 0.1735
        },
        "predicted_damage_state": "moderate",
        "ground_truth_damage_state": "moderate"
      }
    },
    {
      "type": "Feature",
      "geometry": {
        "type": "Polygon",
        "coordinates": [
          [
            [
              36.175067,
              36.225067
            ],
            [
              36.176933,
              36.225067
            ],
            [
              36.176933,
              36.225907
            ],
            [
              36.175067,
              36.225907
            ],
            [
              36.175067,
              36.225067
            ]
          ]
        ]
      },
      "properties": {
        "building_id": "bldg_antakya_000357",
        "height_m": 12.7,
        "height_source": "osm_levels",
        "structural_type": "CR/LFINF+CDM/H:4-7",
        "structural_type_source": "assumed_default_for_region",
        "pga_g": 0.4639,
        "damage_state_probs": {
          "none": 0.012,
          "slight": 0.1673,
          "moderate": 0.3434,
          "extensive": 0.2474,
          "collapse": 0.2299
        },
        "predicted_damage_state": "moderate",
        "ground_truth_damage_state": "slight"
      }
    },
    {
      "type": "Feature",
      "geometry": {
        "type": "Polygon",
        "coordinates": [
          [
            [
              36.175067,
              36.226093
            ],
            [
              36.176933,
              36.226093
            ],
            [
              36.176933,
              36.226933
            ],
            [
              36.175067,
              36.226933
            ],
            [
              36.175067,
              36.226093
            ]
          ]
        ]
      },
      "properties": {
        "building_id": "bldg_antakya_000358",
        "height_m": 21.0,
        "height_source": "osm_levels",
        "structural_type": "CR/LFINF+CDM/H:4-7",
        "structural_type_source": "assumed_default_for_region",
        "pga_g": 0.4633,
        "damage_state_probs": {
          "none": 0.0121,
          "slight": 0.1679,
          "moderate": 0.3436,
          "extensive": 0.2471,
          "collapse": 0.2293
        },
        "predicted_damage_state": "moderate",
        "ground_truth_damage_state": "moderate"
      }
    },
    {
      "type": "Feature",
      "geometry": {
        "type": "Polygon",
        "coordinates": [
          [
            [
              36.177733,
              36.225067
            ],
            [
              36.1796,
              36.225067
            ],
            [
              36.1796,
              36.225907
            ],
            [
              36.177733,
              36.225907
            ],
            [
              36.177733,
              36.225067
            ]
          ]
        ]
      },
      "properties": {
        "building_id": "bldg_antakya_000359",
        "height_m": 21.1,
        "height_source": "osm_levels",
        "structural_type": "CR/LFINF+CDM/H:4-7",
        "structural_type_source": "assumed_default_for_region",
        "pga_g": 0.4658,
        "damage_state_probs": {
          "none": 0.0117,
          "slight": 0.1657,
          "moderate": 0.3426,
          "extensive": 0.2482,
          "collapse": 0.2318
        },
        "predicted_damage_state": "moderate",
        "ground_truth_damage_state": "moderate"
      }
    },
    {
      "type": "Feature",
      "geometry": {
        "type": "Polygon",
        "coordinates": [
          [
            [
              36.177733,
              36.226093
            ],
            [
              36.1796,
              36.226093
            ],
            [
              36.1796,
              36.226933
            ],
            [
              36.177733,
              36.226933
            ],
            [
              36.177733,
              36.226093
            ]
          ]
        ]
      },
      "properties": {
        "building_id": "bldg_antakya_000360",
        "height_m": 17.0,
        "height_source": "osm_levels",
        "structural_type": "CR/LFINF+CDM/H:4-7",
        "structural_type_source": "assumed_default_for_region",
        "pga_g": 0.4652,
        "damage_state_probs": {
          "none": 0.0118,
          "slight": 0.1662,
          "moderate": 0.3428,
          "extensive": 0.2479,
          "collapse": 0.2312
        },
        "predicted_damage_state": "moderate",
        "ground_truth_damage_state": "moderate"
      }
    },
    {
      "type": "Feature",
      "geometry": {
        "type": "Polygon",
        "coordinates": [
          [
            [
              36.143067,
              36.227733
            ],
            [
              36.144933,
              36.227733
            ],
            [
              36.144933,
              36.228573
            ],
            [
              36.143067,
              36.228573
            ],
            [
              36.143067,
              36.227733
            ]
          ]
        ]
      },
      "properties": {
        "building_id": "bldg_antakya_000361",
        "height_m": 27.7,
        "height_source": "assumed_regional_average",
        "structural_type": "CR/LFINF+CDM/H:8+",
        "structural_type_source": "assumed_default_for_region",
        "pga_g": 0.4334,
        "damage_state_probs": {
          "none": 0.0051,
          "slight": 0.1362,
          "moderate": 0.3378,
          "extensive": 0.2767,
          "collapse": 0.2442
        },
        "predicted_damage_state": "moderate",
        "ground_truth_damage_state": "extensive"
      }
    },
    {
      "type": "Feature",
      "geometry": {
        "type": "Polygon",
        "coordinates": [
          [
            [
              36.143067,
              36.22876
            ],
            [
              36.144933,
              36.22876
            ],
            [
              36.144933,
              36.2296
            ],
            [
              36.143067,
              36.2296
            ],
            [
              36.143067,
              36.22876
            ]
          ]
        ]
      },
      "properties": {
        "building_id": "bldg_antakya_000362",
        "height_m": 14.3,
        "height_source": "osm_levels",
        "structural_type": "CR/LFINF+CDM/H:4-7",
        "structural_type_source": "assumed_default_for_region",
        "pga_g": 0.4326,
        "damage_state_probs": {
          "none": 0.0171,
          "slight": 0.1974,
          "moderate": 0.3543,
          "extensive": 0.2326,
          "collapse": 0.1986
        },
        "predicted_damage_state": "moderate",
        "ground_truth_damage_state": "moderate"
      }
    },
    {
      "type": "Feature",
      "geometry": {
        "type": "Polygon",
        "coordinates": [
          [
            [
              36.145733,
              36.227733
            ],
            [
              36.1476,
              36.227733
            ],
            [
              36.1476,
              36.228573
            ],
            [
              36.145733,
              36.228573
            ],
            [
              36.145733,
              36.227733
            ]
          ]
        ]
      },
      "properties": {
        "building_id": "bldg_antakya_000363",
        "height_m": 30.6,
        "height_source": "assumed_regional_average",
        "structural_type": "CR/LFINF+CDM/H:8+",
        "structural_type_source": "assumed_default_for_region",
        "pga_g": 0.4361,
        "damage_state_probs": {
          "none": 0.0049,
          "slight": 0.1338,
          "moderate": 0.3362,
          "extensive": 0.2778,
          "collapse": 0.2472
        },
        "predicted_damage_state": "moderate",
        "ground_truth_damage_state": "slight"
      }
    },
    {
      "type": "Feature",
      "geometry": {
        "type": "Polygon",
        "coordinates": [
          [
            [
              36.145733,
              36.22876
            ],
            [
              36.1476,
              36.22876
            ],
            [
              36.1476,
              36.2296
            ],
            [
              36.145733,
              36.2296
            ],
            [
              36.145733,
              36.22876
            ]
          ]
        ]
      },
      "properties": {
        "building_id": "bldg_antakya_000364",
        "height_m": 23.2,
        "height_source": "osm_levels",
        "structural_type": "CR/LFINF+CDM/H:8+",
        "structural_type_source": "assumed_default_for_region",
        "pga_g": 0.4353,
        "damage_state_probs": {
          "none": 0.005,
          "slight": 0.1345,
          "moderate": 0.3367,
          "extensive": 0.2775,
          "collapse": 0.2463
        },
        "predicted_damage_state": "moderate",
        "ground_truth_damage_state": "moderate"
      }
    },
    {
      "type": "Feature",
      "geometry": {
        "type": "Polygon",
        "coordinates": [
          [
            [
              36.1484,
              36.227733
            ],
            [
              36.150267,
              36.227733
            ],
            [
              36.150267,
              36.228573
            ],
            [
              36.1484,
              36.228573
            ],
            [
              36.1484,
              36.227733
            ]
          ]
        ]
      },
      "properties": {
        "building_id": "bldg_antakya_000365",
        "height_m": 16.7,
        "height_source": "osm_levels",
        "structural_type": "CR/LFINF+CDM/H:4-7",
        "structural_type_source": "assumed_default_for_region",
        "pga_g": 0.4388,
        "damage_state_probs": {
          "none": 0.0159,
          "slight": 0.1911,
          "moderate": 0.3524,
          "extensive": 0.2358,
          "collapse": 0.2048
        },
        "predicted_damage_state": "moderate",
        "ground_truth_damage_state": "extensive"
      }
    },
    {
      "type": "Feature",
      "geometry": {
        "type": "Polygon",
        "coordinates": [
          [
            [
              36.1484,
              36.22876
            ],
            [
              36.150267,
              36.22876
            ],
            [
              36.150267,
              36.2296
            ],
            [
              36.1484,
              36.2296
            ],
            [
              36.1484,
              36.22876
            ]
          ]
        ]
      },
      "properties": {
        "building_id": "bldg_antakya_000366",
        "height_m": 17.6,
        "height_source": "osm_levels",
        "structural_type": "CR/LFINF+CDM/H:4-7",
        "structural_type_source": "assumed_default_for_region",
        "pga_g": 0.4379,
        "damage_state_probs": {
          "none": 0.0161,
          "slight": 0.192,
          "moderate": 0.3527,
          "extensive": 0.2353,
          "collapse": 0.2039
        },
        "predicted_damage_state": "moderate",
        "ground_truth_damage_state": "moderate"
      }
    },
    {
      "type": "Feature",
      "geometry": {
        "type": "Polygon",
        "coordinates": [
          [
            [
              36.151067,
              36.227733
            ],
            [
              36.152933,
              36.227733
            ],
            [
              36.152933,
              36.228573
            ],
            [
              36.151067,
              36.228573
            ],
            [
              36.151067,
              36.227733
            ]
          ]
        ]
      },
      "properties": {
        "building_id": "bldg_antakya_000367",
        "height_m": 16.9,
        "height_source": "osm_levels",
        "structural_type": "CR/LFINF+CDM/H:4-7",
        "structural_type_source": "assumed_default_for_region",
        "pga_g": 0.4414,
        "damage_state_probs": {
          "none": 0.0154,
          "slight": 0.1885,
          "moderate": 0.3516,
          "extensive": 0.2371,
          "collapse": 0.2074
        },
        "predicted_damage_state": "moderate",
        "ground_truth_damage_state": "moderate"
      }
    },
    {
      "type": "Feature",
      "geometry": {
        "type": "Polygon",
        "coordinates": [
          [
            [
              36.151067,
              36.22876
            ],
            [
              36.152933,
              36.22876
            ],
            [
              36.152933,
              36.2296
            ],
            [
              36.151067,
              36.2296
            ],
            [
              36.151067,
              36.22876
            ]
          ]
        ]
      },
      "properties": {
        "building_id": "bldg_antakya_000368",
        "height_m": 13.8,
        "height_source": "osm_levels",
        "structural_type": "CR/LFINF+CDM/H:4-7",
        "structural_type_source": "assumed_default_for_region",
        "pga_g": 0.4406,
        "damage_state_probs": {
          "none": 0.0156,
          "slight": 0.1893,
          "moderate": 0.3519,
          "extensive": 0.2367,
          "collapse": 0.2066
        },
        "predicted_damage_state": "moderate",
        "ground_truth_damage_state": "moderate"
      }
    },
    {
      "type": "Feature",
      "geometry": {
        "type": "Polygon",
        "coordinates": [
          [
            [
              36.153733,
              36.227733
            ],
            [
              36.1556,
              36.227733
            ],
            [
              36.1556,
              36.228573
            ],
            [
              36.153733,
              36.228573
            ],
            [
              36.153733,
              36.227733
            ]
          ]
        ]
      },
      "properties": {
        "building_id": "bldg_antakya_000369",
        "height_m": 18.0,
        "height_source": "osm_levels",
        "structural_type": "CR/LFINF+CDM/H:4-7",
        "structural_type_source": "assumed_default_for_region",
        "pga_g": 0.4439,
        "damage_state_probs": {
          "none": 0.015,
          "slight": 0.1861,
          "moderate": 0.3508,
          "extensive": 0.2383,
          "collapse": 0.2099
        },
        "predicted_damage_state": "moderate",
        "ground_truth_damage_state": "moderate"
      }
    },
    {
      "type": "Feature",
      "geometry": {
        "type": "Polygon",
        "coordinates": [
          [
            [
              36.153733,
              36.22876
            ],
            [
              36.1556,
              36.22876
            ],
            [
              36.1556,
              36.2296
            ],
            [
              36.153733,
              36.2296
            ],
            [
              36.153733,
              36.22876
            ]
          ]
        ]
      },
      "properties": {
        "building_id": "bldg_antakya_000370",
        "height_m": 12.9,
        "height_source": "osm_levels",
        "structural_type": "CR/LFINF+CDM/H:4-7",
        "structural_type_source": "assumed_default_for_region",
        "pga_g": 0.4431,
        "damage_state_probs": {
          "none": 0.0151,
          "slight": 0.1868,
          "moderate": 0.351,
          "extensive": 0.2379,
          "collapse": 0.2091
        },
        "predicted_damage_state": "moderate",
        "ground_truth_damage_state": "moderate"
      }
    },
    {
      "type": "Feature",
      "geometry": {
        "type": "Polygon",
        "coordinates": [
          [
            [
              36.1564,
              36.227733
            ],
            [
              36.158267,
              36.227733
            ],
            [
              36.158267,
              36.228573
            ],
            [
              36.1564,
              36.228573
            ],
            [
              36.1564,
              36.227733
            ]
          ]
        ]
      },
      "properties": {
        "building_id": "bldg_antakya_000371",
        "height_m": 14.1,
        "height_source": "osm_levels",
        "structural_type": "CR/LFINF+CDM/H:4-7",
        "structural_type_source": "assumed_default_for_region",
        "pga_g": 0.4464,
        "damage_state_probs": {
          "none": 0.0146,
          "slight": 0.1836,
          "moderate": 0.3499,
          "extensive": 0.2395,
          "collapse": 0.2124
        },
        "predicted_damage_state": "moderate",
        "ground_truth_damage_state": "moderate"
      }
    },
    {
      "type": "Feature",
      "geometry": {
        "type": "Polygon",
        "coordinates": [
          [
            [
              36.1564,
              36.22876
            ],
            [
              36.158267,
              36.22876
            ],
            [
              36.158267,
              36.2296
            ],
            [
              36.1564,
              36.2296
            ],
            [
              36.1564,
              36.22876
            ]
          ]
        ]
      },
      "properties": {
        "building_id": "bldg_antakya_000372",
        "height_m": 15.3,
        "height_source": "osm_levels",
        "structural_type": "CR/LFINF+CDM/H:4-7",
        "structural_type_source": "assumed_default_for_region",
        "pga_g": 0.4457,
        "damage_state_probs": {
          "none": 0.0147,
          "slight": 0.1843,
          "moderate": 0.3502,
          "extensive": 0.2392,
          "collapse": 0.2117
        },
        "predicted_damage_state": "moderate",
        "ground_truth_damage_state": "extensive"
      }
    },
    {
      "type": "Feature",
      "geometry": {
        "type": "Polygon",
        "coordinates": [
          [
            [
              36.161733,
              36.227733
            ],
            [
              36.1636,
              36.227733
            ],
            [
              36.1636,
              36.228573
            ],
            [
              36.161733,
              36.228573
            ],
            [
              36.161733,
              36.227733
            ]
          ]
        ]
      },
      "properties": {
        "building_id": "bldg_antakya_000373",
        "height_m": 13.9,
        "height_source": "osm_levels",
        "structural_type": "CR/LFINF+CDM/H:4-7",
        "structural_type_source": "assumed_default_for_region",
        "pga_g": 0.4513,
        "damage_state_probs": {
          "none": 0.0138,
          "slight": 0.1789,
          "moderate": 0.3482,
          "extensive": 0.2418,
          "collapse": 0.2173
        },
        "predicted_damage_state": "moderate",
        "ground_truth_damage_state": "moderate"
      }
    },
    {
      "type": "Feature",
      "geometry": {
        "type": "Polygon",
        "coordinates": [
          [
            [
              36.161733,
              36.22876
            ],
            [
              36.1636,
              36.22876
            ],
            [
              36.1636,
              36.2296
            ],
            [
              36.161733,
              36.2296
            ],
            [
              36.161733,
              36.22876
            ]
          ]
        ]
      },
      "properties": {
        "building_id": "bldg_antakya_000374",
        "height_m": 5.5,
        "height_source": "google_open_buildings",
        "structural_type": "CR/LFINF+CDM/H:1-3",
        "structural_type_source": "assumed_default_for_region",
        "pga_g": 0.4505,
        "damage_state_probs": {
          "none": 0.0333,
          "slight": 0.2337,
          "moderate": 0.3633,
          "extensive": 0.2054,
          "collapse": 0.1643
        },
        "predicted_damage_state": "moderate",
        "ground_truth_damage_state": "extensive"
      }
    },
    {
      "type": "Feature",
      "geometry": {
        "type": "Polygon",
        "coordinates": [
          [
            [
              36.1644,
              36.227733
            ],
            [
              36.166267,
              36.227733
            ],
            [
              36.166267,
              36.228573
            ],
            [
              36.1644,
              36.228573
            ],
            [
              36.1644,
              36.227733
            ]
          ]
        ]
      },
      "properties": {
        "building_id": "bldg_antakya_000375",
        "height_m": 16.7,
        "height_source": "osm_levels",
        "structural_type": "CR/LFINF+CDM/H:4-7",
        "structural_type_source": "assumed_default_for_region",
        "pga_g": 0.4536,
        "damage_state_probs": {
          "none": 0.0134,
          "slight": 0.1768,
          "moderate": 0.3474,
          "extensive": 0.2429,
          "collapse": 0.2196
        },
        "predicted_damage_state": "moderate",
        "ground_truth_damage_state": "moderate"
      }
    },
    {
      "type": "Feature",
      "geometry": {
        "type": "Polygon",
        "coordinates": [
          [
            [
              36.1644,
              36.22876
            ],
            [
              36.166267,
              36.22876
            ],
            [
              36.166267,
              36.2296
            ],
            [
              36.1644,
              36.2296
            ],
            [
              36.1644,
              36.22876
            ]
          ]
        ]
      },
      "properties": {
        "building_id": "bldg_antakya_000376",
        "height_m": 5.6,
        "height_source": "google_open_buildings",
        "structural_type": "CR/LFINF+CDM/H:1-3",
        "structural_type_source": "assumed_default_for_region",
        "pga_g": 0.4529,
        "damage_state_probs": {
          "none": 0.0325,
          "slight": 0.2314,
          "moderate": 0.3631,
          "extensive": 0.2067,
          "collapse": 0.1664
        },
        "predicted_damage_state": "moderate",
        "ground_truth_damage_state": "extensive"
      }
    },
    {
      "type": "Feature",
      "geometry": {
        "type": "Polygon",
        "coordinates": [
          [
            [
              36.167067,
              36.227733
            ],
            [
              36.168933,
              36.227733
            ],
            [
              36.168933,
              36.228573
            ],
            [
              36.167067,
              36.228573
            ],
            [
              36.167067,
              36.227733
            ]
          ]
        ]
      },
      "properties": {
        "building_id": "bldg_antakya_000377",
        "height_m": 20.3,
        "height_source": "osm_levels",
        "structural_type": "CR/LFINF+CDM/H:4-7",
        "structural_type_source": "assumed_default_for_region",
        "pga_g": 0.4559,
        "damage_state_probs": {
          "none": 0.0131,
          "slight": 0.1746,
          "moderate": 0.3465,
          "extensive": 0.2439,
          "collapse": 0.2219
        },
        "predicted_damage_state": "moderate",
        "ground_truth_damage_state": "moderate"
      }
    },
    {
      "type": "Feature",
      "geometry": {
        "type": "Polygon",
        "coordinates": [
          [
            [
              36.167067,
              36.22876
            ],
            [
              36.168933,
              36.22876
            ],
            [
              36.168933,
              36.2296
            ],
            [
              36.167067,
              36.2296
            ],
            [
              36.167067,
              36.22876
            ]
          ]
        ]
      },
      "properties": {
        "building_id": "bldg_antakya_000378",
        "height_m": 22.9,
        "height_source": "osm_levels",
        "structural_type": "CR/LFINF+CDM/H:8+",
        "structural_type_source": "assumed_default_for_region",
        "pga_g": 0.4552,
        "damage_state_probs": {
          "none": 0.0038,
          "slight": 0.1184,
          "moderate": 0.3244,
          "extensive": 0.2849,
          "collapse": 0.2685
        },
        "predicted_damage_state": "moderate",
        "ground_truth_damage_state": "moderate"
      }
    },
    {
      "type": "Feature",
      "geometry": {
        "type": "Polygon",
        "coordinates": [
          [
            [
              36.169733,
              36.227733
            ],
            [
              36.1716,
              36.227733
            ],
            [
              36.1716,
              36.228573
            ],
            [
              36.169733,
              36.228573
            ],
            [
              36.169733,
              36.227733
            ]
          ]
        ]
      },
      "properties": {
        "building_id": "bldg_antakya_000379",
        "height_m": 30.4,
        "height_source": "assumed_regional_average",
        "structural_type": "CR/LFINF+CDM/H:8+",
        "structural_type_source": "assumed_default_for_region",
        "pga_g": 0.4581,
        "damage_state_probs": {
          "none": 0.0037,
          "slight": 0.1162,
          "moderate": 0.3225,
          "extensive": 0.2858,
          "collapse": 0.2717
        },
        "predicted_damage_state": "moderate",
        "ground_truth_damage_state": "moderate"
      }
    },
    {
      "type": "Feature",
      "geometry": {
        "type": "Polygon",
        "coordinates": [
          [
            [
              36.169733,
              36.22876
            ],
            [
              36.1716,
              36.22876
            ],
            [
              36.1716,
              36.2296
            ],
            [
              36.169733,
              36.2296
            ],
            [
              36.169733,
              36.22876
            ]
          ]
        ]
      },
      "properties": {
        "building_id": "bldg_antakya_000380",
        "height_m": 5.3,
        "height_source": "google_open_buildings",
        "structural_type": "CR/LFINF+CDM/H:1-3",
        "structural_type_source": "assumed_default_for_region",
        "pga_g": 0.4574,
        "damage_state_probs": {
          "none": 0.0311,
          "slight": 0.2269,
          "moderate": 0.3627,
          "extensive": 0.2091,
          "collapse": 0.1702
        },
        "predicted_damage_state": "moderate",
        "ground_truth_damage_state": "extensive"
      }
    },
    {
      "type": "Feature",
      "geometry": {
        "type": "Polygon",
        "coordinates": [
          [
            [
              36.1724,
              36.227733
            ],
            [
              36.174267,
              36.227733
            ],
            [
              36.174267,
              36.228573
            ],
            [
              36.1724,
              36.228573
            ],
            [
              36.1724,
              36.227733
            ]
          ]
        ]
      },
      "properties": {
        "building_id": "bldg_antakya_000381",
        "height_m": 23.2,
        "height_source": "osm_levels",
        "structural_type": "CR/LFINF+CDM/H:8+",
        "structural_type_source": "assumed_default_for_region",
        "pga_g": 0.4602,
        "damage_state_probs": {
          "none": 0.0036,
          "slight": 0.1147,
          "moderate": 0.3212,
          "extensive": 0.2865,
          "collapse": 0.274
        },
        "predicted_damage_state": "moderate",
        "ground_truth_damage_state": "extensive"
      }
    },
    {
      "type": "Feature",
      "geometry": {
        "type": "Polygon",
        "coordinates": [
          [
            [
              36.1724,
              36.22876
            ],
            [
              36.174267,
              36.22876
            ],
            [
              36.174267,
              36.2296
            ],
            [
              36.1724,
              36.2296
            ],
            [
              36.1724,
              36.22876
            ]
          ]
        ]
      },
      "properties": {
        "building_id": "bldg_antakya_000382",
        "height_m": 15.2,
        "height_source": "osm_levels",
        "structural_type": "CR/LFINF+CDM/H:4-7",
        "structural_type_source": "assumed_default_for_region",
        "pga_g": 0.4596,
        "damage_state_probs": {
          "none": 0.0126,
          "slight": 0.1712,
          "moderate": 0.3451,
          "extensive": 0.2455,
          "collapse": 0.2256
        },
        "predicted_damage_state": "moderate",
        "ground_truth_damage_state": "moderate"
      }
    },
    {
      "type": "Feature",
      "geometry": {
        "type": "Polygon",
        "coordinates": [
          [
            [
              36.175067,
              36.227733
            ],
            [
              36.176933,
              36.227733
            ],
            [
              36.176933,
              36.228573
            ],
            [
              36.175067,
              36.228573
            ],
            [
              36.175067,
              36.227733
            ]
          ]
        ]
      },
      "properties": {
        "building_id": "bldg_antakya_000383",
        "height_m": 16.3,
        "height_source": "osm_levels",
        "structural_type": "CR/LFINF+CDM/H:4-7",
        "structural_type_source": "assumed_default_for_region",
        "pga_g": 0.4623,
        "damage_state_probs": {
          "none": 0.0122,
          "slight": 0.1688,
          "moderate": 0.344,
          "extensive": 0.2467,
          "collapse": 0.2283
        },
        "predicted_damage_state": "moderate",
        "ground_truth_damage_state": "moderate"
      }
    },
    {
      "type": "Feature",
      "geometry": {
        "type": "Polygon",
        "coordinates": [
          [
            [
              36.175067,
              36.22876
            ],
            [
              36.176933,
              36.22876
            ],
            [
              36.176933,
              36.2296
            ],
            [
              36.175067,
              36.2296
            ],
            [
              36.175067,
              36.22876
            ]
          ]
        ]
      },
      "properties": {
        "building_id": "bldg_antakya_000384",
        "height_m": 15.9,
        "height_source": "osm_levels",
        "structural_type": "CR/LFINF+CDM/H:4-7",
        "structural_type_source": "assumed_default_for_region",
        "pga_g": 0.4616,
        "damage_state_probs": {
          "none": 0.0123,
          "slight": 0.1694,
          "moderate": 0.3443,
          "extensive": 0.2464,
          "collapse": 0.2276
        },
        "predicted_damage_state": "moderate",
        "ground_truth_damage_state": "slight"
      }
    }
  ]
}